published,fetched_at,ticker,title,source,link,sentiment,sentiment_label
2026-05-06,2026-06-25,CSCO,Cisco Systems (CSCO) Stock Drops Despite Market Gains: Important Facts to Note - Yahoo Finance,Yahoo Finance,https://news.google.com/rss/articles/CBMimwFBVV95cUxQMkZNRjdPbHJGVThkWHNvdWhRLVZocWttTVlGclo3RkdBTDlKbTZxRWJXVmFzd3lyWE15VWVUdm1MUXlIQ2Z2WFJBQWJQNHRMZTFzcXIwUlhCYk1xcnE0TUdNLWNHT256YU4xeEhfbmR0SnR0S0IxR2stNHdINkxEeWlQOEVsWFE5RUlaX2dNUE1XdU0yUnRUS2hkbw?oc=5,-0.3875,negative
2026-05-14,2026-06-26,CSCO,"Cisco stock jumps on booming AI orders, job cuts - Yahoo Finance",Yahoo Finance,https://news.google.com/rss/articles/CBMipwFBVV95cUxOWUJnTjc0NnB4OXg5eUxwQjlBUDBDSjZkV2RLSy02U3Bvd284UDc2X1NBT1hFUXBpcG00bkZxdzl2RnBCa1NtZTJOVThjelVleDhLNzUxWTBsN0x3aVgwanF5eUJDd2FuNmsyYW8tSUg0a2J5Q2ZpQjNWUkJUbWM1d1k4MGJvdzM2MGRnOWwzLTktREphem9WWkFlTnc1bElSSkU5YTBwNA?oc=5,-0.296,negative
2026-05-15,2026-06-26,CSCO,Morgan Stanley changes up Cisco stock price target after earnings - thestreet.com,thestreet.com,https://news.google.com/rss/articles/CBMiyAFBVV95cUxQVzZHT1hyeTNReHdDaFJOd0oyd2F1ZlM1aUF3bDZOUVV3TkkwSFdBOGJ6aFlFdGNnZzBBNmF4S2ZHMWNWeUw1b0pfTDRsaUlpa1NRX1V0SUJmcWhLeFRrLTBMUWUxcmdtWHpSdUlKdGNQS3dWdkZYUjZ1RWtua2h6ZVZtWE0wOWJSSVFMQVQ4V0JXaEVYVll2NGt1Q19yb0dlNzhvbTFZOURkUEZNZDFiWWZvRGczOFJ3MEI3X3lDZjJnVnZ0Q0VUOA?oc=5,0.0,neutral
2026-05-17,2026-07-02,CSCO,Cisco Systems Reported Lower FCF and Margins - Has CSCO Stock Peaked? - Barchart.com,Barchart.com,https://news.google.com/rss/articles/CBMirwFBVV95cUxNQ3RVZ09zSFdoS2doWDlDMlRTMFVJRkh6WU9EemgwLTUweGx2SUUzU0pWRkpPdk1tMXM4aDYtMnROWVd6SldmTjNrQXpBblQzdkRqMkpzMmVSMHF3U3Mwai1HZkRQVTZaWWgzekRyc09KVnA0aVNRVWE5a3B2Qzh6dU54cEo3QXVlbzQzYTZjMWZtczc5SUh6ZlppcVZfLWZheVAwLWotdjJaYTNSOW5F?oc=5,-0.296,negative
2026-05-22,2026-06-25,CSCO,Cisco Rises 33% in a Month: Here's Why You Should Buy the Stock - Yahoo Finance,Yahoo Finance,https://news.google.com/rss/articles/CBMilgFBVV95cUxPNnB5VzZYc3padzR6NTFjVWRPUkF1QTJkTWlUSEx6dGExV0VhVUs4OVlETExET19QV3E5ZEk5ZU93QkZraWVUcklzSFFGZG1ualRRcEVZSy1jdDV1QldQUndGbE5qZ1J4S3dzRk93NVQ1a2hWVmRFLU1oRmlLSnVDTFhSOVRwaTFNX2RKazdiQVIzQ2dfWHc?oc=5,0.0,neutral
2026-05-25,2026-06-24,CSCO,Rosenblatt Raises its Price Target on Cisco Systems (CSCO) - Yahoo Finance,Yahoo Finance,https://news.google.com/rss/articles/CBMiowFBVV95cUxPTThZVDBwMzdHNUgwYWsyeGdTTENwR2o4VkstbE1tY1BZQkJTVjVnUG9YMlpHdUJydVJQdjF2WDBvVVVFOWduNUUwZUNPZjYtNmRmdHRGajBiQTdYeG4wMHMtRURDYW41RFYtZWp6Yi1od2tDNGdXdVVBSXRVS0FfUjZ2M1NYMGYxRGhmUVR1ZUlGeG9KRzRtUGtRTTR2bTc3MWNv?oc=5,0.0,neutral
2026-05-27,2026-06-26,CSCO,Forget Cisco: Nokia Is the AI Networking Stock Nobody’s Watching - 24/7 Wall St.,24/7 Wall St.,https://news.google.com/rss/articles/CBMiqgFBVV95cUxOaWVlbGdlM0k0SXhYY1dENW9vWWdoWVFEWkpheXkzV0FGZTRaOExaOHZOVmJ2UWE1MlZlMGJYdGE5LUxhZmNXRUNrT1JVQWJ1RWNhQl8wcEtYV0xWdUxQbW90NTJwSzVMSzBWOFg4SlFiMXBXQVpVSTBzajNvWm5FR0lKRHg2R3F3aHRvQktvMVBGaVpDQm5yZUJ0NEdELVBDbUdNMnNBdkV1QQ?oc=5,-0.2263,negative
2026-05-30,2026-06-24,CSCO,Prediction: Cisco Stock Will Trade at This Price in 2028 - Yahoo Finance,Yahoo Finance,https://news.google.com/rss/articles/CBMioAFBVV95cUxPbHVMUHVva0RVQkg5NFlqdlhIT1VjNjdJbElvOUkxajl5R3czMVZmR0N3Zmt0ZEJoZEVjQURCWjBaR0pEWGFWNzZGMEdZLXpQSGRYX01LTVdHejVPUU85Y01CeTNFbU9qS0cyQ0Q5QVBlMlg0NnFVQjgzNzlKUklNVHZjSDI1dlppM0F0dWY5X1hpQkNORmdSRzBfQ0luRk9V?oc=5,0.0,neutral
2026-05-30,2026-06-25,CSCO,Prediction: Cisco Stock Will Trade at This Price in 2028 - 24/7 Wall St.,24/7 Wall St.,https://news.google.com/rss/articles/CBMioAFBVV95cUxQYVRCLXlaZFcwRDkyTTRYOUFxMlBYZHdPdlJZOTVnbmJWU3RYemtUWW1QQ0IzVnFROTNiOGxlVlBqVEZ3S1E1QVhBX0ZDdzJyeUFuNzBOZUczWU5xbDd1T2E4a3Q3bjNDU3NnLXNaRV9FeXZJMmxfZHp4eU1GdEpyejREZHNMcVh2ZVF2N3cwVmVrUGV3aHFBc3RmU3cwdFVI?oc=5,0.0,neutral
2026-06-01,2026-06-24,CSCO,"Here is What to Know Beyond Why Cisco Systems, Inc. (CSCO) is a Trending Stock - Yahoo Finance",Yahoo Finance,https://news.google.com/rss/articles/CBMimgFBVV95cUxPVDNXVjNjUWozaDZiTlNtSDZPaTF0bWlydklYellnX2l2MFpNaGFIWlc3aFlrcG1qQUdSalh4RDhETWxuNlhmMXVlR3pVdVhTdGhadGljNXVQTjBXcGFDbFRjT0I3WWo1YWpBNWNFazQ2RTU0ZVphRDBZY0ZCZG5hUFRDME52NXBfcVUzMEgyV1BacGRvVHRsU1pn?oc=5,0.0,neutral
2026-06-02,2026-06-24,CSCO,Is It Too Late To Consider Cisco Systems (CSCO) After Its Strong Share Price Run - Yahoo Finance,Yahoo Finance,https://news.google.com/rss/articles/CBMinAFBVV95cUxNNDVDSFRSMmtyMmtCWXRTd0dER1NaQUNqSWoxWE5XX1Z4VU5Vc3VvM0JxVXd5aWkySThYNERKOW12LXc5NjRIU2tKQU1EOENndVJXaV9TNVBrTVFjMUR0N1ZHcC1jS3A1TENVWW5rRUl0T1N1dmk5SEFERFRCczFDc2ZGY3ZJeEtjQkJpRUhlbDByY3hCaGlpVm03WTg?oc=5,0.6705,positive
2026-06-03,2026-06-24,CSCO,Cisco CEO explains why the stock is at record highs: 'Infrastructure is definitely cool' - Yahoo Finance,Yahoo Finance,https://news.google.com/rss/articles/CBMi4wFBVV95cUxQTmYyVmlRSWdyRG95ZUZ3NzUtWU5Hb3NnMG1QT1VOY0p2dGZ1eE9YWUhRVEI4S3RFbHNsQmszX0hYZDAzSE9vMGpTaDhadERYckVPUTNMVldaNU9FSzdJZmpIRHJoVDl3ZlNrektNaFIxOFZSbWE3amRmcW5ic3ZVb09XVjZBckw4bEQ3cm5KLVppNHlIX05ORGxkSXJGMnRKbDBvRnVJOElTSVptVElPRmRPR0pyc3NGSUpSdWxkOV9SWFZia20wNjJLTDM4OFFZZDhCRXBaa3RpUGFiTGRtVnBCSQ?oc=5,0.6124,positive
2026-06-04,2026-06-24,CSCO,"Why Did STI, BB, CSCO Stocks Surge To 52-Week Highs Today? - Yahoo Finance",Yahoo Finance,https://news.google.com/rss/articles/CBMijAFBVV95cUxQYlR5RXNnQ3dMQTU3N2MtbVhMM05nSWZCQUU2MmR5SGh6SXVTWjJQalI2RURldF9LRUk2VFJUXzhyY1l6ZzVjRktncjF5UXFaejlhUExpR0RJYmV0Sl9mVDNNM0Nfd0N5LXMzYm1jS1pVUGpZMy1ITWw1V3lQSnlkcFJneXBYOXZ2ckRCVA?oc=5,0.0,neutral
2026-06-05,2026-06-25,CSCO,Jim Cramer Highlights Cisco Systems as the Top Dow Performer - Yahoo Finance,Yahoo Finance,https://news.google.com/rss/articles/CBMiogFBVV95cUxOV1JpeUVUY29JQXNRano3MkVLUl90d1ZpaG8tMDFTR2wtYzF3d0xkV3V0SHlvVE5QQXdBV3ZuOFZwWUxQbzFnV3ktNkpvalhxZ1JpZnVUQkhRTUFkckhFTjdjMXBFZjRaY2tJS3lDLVVQNnNMYjJjUHRBbHRoTFUwaHRFZFA3ZjBnS2ZKYnU1TFlWQ0Mza3ZkdEVyUkxEdlU2anc?oc=5,0.2023,positive
2026-06-07,2026-06-24,CSCO,Cisco Stock Soars on Silicon One Wins and $9 Billion AI Orders: Here Is the Valuation Case - TIKR.com,TIKR.com,https://news.google.com/rss/articles/CBMitAFBVV95cUxOYU1wRmVQM1RXZVY4Zk9CbUtNVzFweWpkaEZ3blNhRC1KbVBsM25oWlc5dldzclAydEQ4bnVKWVoxX3pFMHVTTFBfaFdoS3hEWE5KXzIzRVllcjV3QTlMMkFhZ1B0RnA1akFMa0RjWHZRQ3pyVkJWV05zMXllV1NHeHdLWTJ6QkZubWlnNzlOSU5VSVExRERaUXVjMWFnM3psTFpBR3dMaDdfcjRidzVRSXBBUlc?oc=5,0.5719,positive
2026-06-07,2026-06-24,CSCO,"Is Cisco Systems, Inc. (CSCO) A Good Stock To Buy Now? - Yahoo Finance",Yahoo Finance,https://news.google.com/rss/articles/CBMilwFBVV95cUxNdi1TMWc2Ul9Ud2lOdnpfRS12Mjh4VERyT3ZjdUdjX0hlWDM3M0FJUkRPU3Fpb1BjZmxGSEw0alE0WHNKYWJJSjRXZTVGUzV5UUpUSUtuWUJOZVBNdHB5RjZReWFuQUZQUmg3WTVfdExYWTAxdkxrRDNHUk9YUVh4WXprb0wwcGhkQ3BaM21zYVo0Nk55UlFr?oc=5,0.4404,positive
2026-06-08,2026-06-24,CSCO,"Cisco Stock Nearing 52-Week High: Buy, Sell or Hold? - Yahoo Finance",Yahoo Finance,https://news.google.com/rss/articles/CBMilwFBVV95cUxQR29xeDJuMDMyMXZ6NGo4ejdxaGt6M2VqUDRFUXRpSU9mS1l5MVZLZG9WTVNyUVBDNVgzWlNzQjdLR2FzQjRmY2xta2d5eDhtenpyZ2VBYTRNZWpJSS1JVUw3RE5CZzVBMjlJYmtIQjl6bE5RekZzU29oSG4zX25rNms3MXhCeTV5cmNaSFZWOVlPaWloNTkw?oc=5,0.0,neutral
2026-06-08,2026-06-26,CSCO,"Cisco Stock Nearing 52-Week High: Buy, Sell or Hold? - 24/7 Wall St.",24/7 Wall St.,https://news.google.com/rss/articles/CBMimAFBVV95cUxQcmNsb2xnRURZLWluekM5ODdjOGFsdmlxSDlsMzJta3BjTEs5MnBIVVpaSnZqb1E3b0htc0dJci1Tc1JrTGhvTUo2enhSS25GM0NMWTMyYmpRRVdKMzRaRmVUa2dieGdBb095QVJ5UHdKOTVkZERDSVFRRUU1OGtmT2k2eER6UHo2VlNXTXRUX1VPajJ3M1Q3UQ?oc=5,0.0,neutral
2026-06-08,2026-07-03,CSCO,Cisco Exec Admits Every Competitor Was Beating Them. Now He's Saying AI Just 'Changed' The Game In Their Favor. - Yahoo Finance,Yahoo Finance,https://news.google.com/rss/articles/CBMipgFBVV95cUxQNTh1OUNFaWJVOTE4SVNLcXZPdHN4WmM4OWRrb014enVTOTZRdGJCdzB2YnlxRlRnQ3JLZkxtYXJycU5UQjFzY2k1Y01xV040b29OYmZFUU42ak9Tel9VempxLTd4TmY2SXFQcXREZ2dZYnpLZXJSQzE1a3dNTnRrSS1iQkJLWDE4RURRejloNlpWdnVTckxFazYyN1h4M2ZLbHZ6TTRR?oc=5,0.2263,positive
2026-06-12,2026-06-24,CSCO,What Cisco Stock Was Really Saying About AI - Trefis,Trefis,https://news.google.com/rss/articles/CBMipwFBVV95cUxPUnprMlliWE0tbVhiQ0ZVdjN3VWRDaDlYSFdDaWM0bW1GS0d5WHRTMXdnMXQxS0tCeHFmQlJ5TDNPZnBqam9jRVhSV3F0cnNSNjdRdnhDWGRUb1lXN0plVTN3ZHc5Yk1xbGFFelM1UlktaTNIQTN2ZlFVbi1rc2lBVEhzUHM1X0dXUWw5Qk52UG9kTy1oY25GNnM3M3VYRnRuZVc1N0EzTQ?oc=5,0.0,neutral
2026-06-12,2026-07-06,CSCO,Why Is Cisco (CSCO) Up 5.5% Since Last Earnings Report? - Yahoo Finance,Yahoo Finance,https://news.google.com/rss/articles/CBMiiwFBVV95cUxNNkMxbEhKZTZxLVV3VGJVb21HUTIzanNQbG91WGEwRkJ2TkdvTHRlVklwWU9oS1FKcWpGSGdtZ05aaG5jdEU4SEJqYmpOTFJKSUQ2ZE91YmhpbnhYVmt5RUdlaHRSaGZTTW9ER3U1b0Y5VlBxWm1EMHBkMTU2TWp3Y2J5YXJyclRBbHc0?oc=5,0.0,neutral
2026-06-13,2026-06-24,CSCO,Cisco Systems (CSCO) – Among the 10 Best S&P 500 Dividend Stocks to Buy Right Now - Yahoo Finance,Yahoo Finance,https://news.google.com/rss/articles/CBMilwFBVV95cUxQdDVFTTdyeHNScEdYcHI0TWlTbWt2QjNFSDhKcC1SQlY4X2VEV0M2Yy1qemItQVB0LXBLdkQ5UEhZekNQenVScG5peFdDU0R6SG1lYkk3c3JaTFRmS1lDWU4xa0wtZ0ltZG1QcjZpTFRFeGRfTTVWWVQ0c2lQYWgySzZJVlY4YXY4QTVFa2ZyMGl6SXIxRm4w?oc=5,0.6369,positive
2026-06-13,2026-07-01,CSCO,Jim Cramer Thinks Cisco (CSCO) Can “Run Further” - Yahoo Finance,Yahoo Finance,https://news.google.com/rss/articles/CBMimAFBVV95cUxNWGxTTU96LWQtVFNJU0xsX1lmTTdPMTV4SlkyTEZnS1U1VFdtY0lZV24wZFVKcWdMRWQyZVpNU2NEUW5RTEQ5LXZjTzQtRF9sN3A1bEpVMnhJWW5DQmQ0ZTdESGdXQk8wanRyWlVzZGJhYmtodS1MMDZUYmxlcW96MXU1amVFM1lqRDhQY3FGTjk0eXVMSkNUZw?oc=5,0.0,neutral
2026-06-14,2026-07-02,CSCO,Cisco Systems (CSCO) – Among the 10 Best S&P 500 Dividend Stocks to Buy Right Now - Yahoo Finance,Yahoo Finance,https://news.google.com/rss/articles/CBMilwFBVV95cUxQdDVFTTdyeHNScEdYcHI0TWlTbWt2QjNFSDhKcC1SQlY4X2VEV0M2Yy1qemItQVB0LXBLdkQ5UEhZekNQenVScG5peFdDU0R6SG1lYkk3c3JaTFRmS1lDWU4xa0wtZ0ltZG1QcjZpTFRFeGRfTTVWWVQ0c2lQYWgySzZJVlY4YXY4QTVFa2ZyMGl6SXIxRm4w?oc=5,0.6369,positive
2026-06-15,2026-06-24,CSCO,Cisco (CSCO) Stock Valuation Check After Strong Recent Returns - Yahoo Finance,Yahoo Finance,https://news.google.com/rss/articles/CBMingFBVV95cUxPNGlOV0YwbG9LS1BQamFuTmFybGxYWWJwanZFNkZ2dzZmdklUSndUWTY5SmRyYnpBa0VSbDFDTVRJWTlwTC13c3BDcm5na1F0ZEx0WUREcml1UE9uV3ZLZEdyQm1qMS1wczM3OE14M1NGVjhLY2pNSlFqN0J4WFpfYmdvQkJPMFRiMEZUbVkyQmNiSHRjVUMzWFJHazhOUQ?oc=5,0.5106,positive
2026-06-16,2026-06-24,CSCO,Cisco Systems (CSCO) Stock After 87% One-Year Rally Is The Price Still Reasonable - Yahoo Finance,Yahoo Finance,https://news.google.com/rss/articles/CBMilwFBVV95cUxOZTFaYVowUGNhbVBzQklDY2VWM0ZKdVFfcnlmeXRqR2JwcFNabmlRbkNldW9FaDBCUldaMk00dXA5Q08zaXc0d2ZnS2RnOGI5YzRBZmlIN3V5TlkydlRNdGpTUWdxWk91NFkyend0WU1rcFdsTllnbFpwQ0lIQy05UHBEVk1XcUFUZDk5dTE2MXZmcDRRdkdv?oc=5,0.0,neutral
2026-06-16,2026-06-26,CSCO,Cisco: Riding The Agentic AI Boom - Seeking Alpha,Seeking Alpha,https://news.google.com/rss/articles/CBMihgFBVV95cUxQYVVSc0R5TXZRbFB6VkJwY0h3d2ZlYk4zamozMWx6a21fYkhCSVhFTkhOeDdBQU15cHhPSzljMmNabnM3alBOcnZINmwyZXBxR1RJS0dJZHFNWlVaVExLUWR4VmtRdzZIVWhfaTh4TXg1TnNEZWtNazdQVmhCRjc3NDN4Vi1CUQ?oc=5,0.0,neutral
2026-06-16,2026-07-01,CSCO,Cisco Stock Looks Undervalued After Its Q3 2026 AI Infrastructure Results - TIKR.com,TIKR.com,https://news.google.com/rss/articles/CBMioAFBVV95cUxPOUpZQXhMN2RjN2RsU3F1MDRxUGxKNk5hNnp6SlNpRmVpb00xalhmTVEtenlpM0hKa2tqNVZCQnBBczc3YjFmYzkzM1pzZlp6cXpWb2FxREpWb252alFLQUtXWTRhcjFBeWFBTXBUdFpNdWRKVzZNZENReWNKTFNsWmktRnBibjBDYUJONUVLajYtR2dUSW1YOURiWlFkNFVm?oc=5,0.0,neutral
2026-06-17,2026-06-24,CSCO,Is Cisco Systems (CSCO) Stock Outpacing Its Computer and Technology Peers This Year? - Yahoo Finance,Yahoo Finance,https://news.google.com/rss/articles/CBMioAFBVV95cUxPMWg0SC1jU3ZKVzViSEZ2eERiSE5nWS1vRGhJeGxUQnM1eDVtZ3VQMjhyemtzdkdfOGNnQm1SSVQ2dGo3WUNaejhJY3k2SFVEYTI5RUd3TDlSLXZTTE9MSFp5ZW91X0IyVk45bHNPaFFmTENZbUtOY3NRdkoxVjQtVDFKQ3N3S1JSSXg0ek55Umg1NHZFV2J1eG1CNGdyR2Zv?oc=5,0.0,neutral
2026-06-18,2026-06-25,CSCO,Why Cisco Systems (CSCO) Outpaced the Stock Market Today - Yahoo Finance UK,Yahoo Finance UK,https://news.google.com/rss/articles/CBMihwFBVV95cUxPU1daakVaNl9WZUtGcjVqb1dwT2xhbHVYQlZBQW5yRGdLVGRNM2JteU4zOTVheUcxd2NxQmlMa2UyUVV5Mmw5RHFydHZ3WjJDc1pYSUxkdTBNWmMwZk5OQ1hvT0FtUDgtN3N3YVZQMEU2Qk5TdGN6dDZVVnFwMjVIMnJ1MUxCVXc?oc=5,0.0,neutral
2026-06-18,2026-07-01,CSCO,Cisco Stock And Two More Quality Large Caps Quietly Compounding - simplywall.st,simplywall.st,https://news.google.com/rss/articles/CBMixwFBVV95cUxPR0hrMERoT1o0c0dHUDdHUWN0SjFLVnZBVU5OQkg1dUEtaW9PUEgxWGItX2NKclFWeWVXMWpVNUt6cXA0Szc4dDNGenhzaGFZY3dPUmx0SWdFOGctMVlaaWc1UmVYYmFjc2Uya2dPSEtYSUhzWDd2Wk8yUUdzWjhwNG96RDQ4SXVHNDdKV0lzdEVlQU83a1ZGaDVncnNzQWxaMmpHWFl4a0ViRkJxMklzTXptaXI4TGJXeHQ1ZHZkQmZaY1ZHWXpV0gHMAUFVX3lxTFBGZVlUVkdHVmplOGFtdG1zUUctN0g1WjQ1ZWdkSXVWYmFuOGhadEIzTWNGQktvekdyTDlGVDVmYmROUDEtaWZFSng4Y2NqenpzeHI4Q29aa25UaEVWUHVra3pCRXNvUmUxS0UwWlJwRG9qbnY2a2podUJacGVDOWVLOUVWLXJyVWhZUlljc1NVdVRjd3NzdEV5T0ZKZlgwbUllRjFDbVhHb0g3czNMSHFkeGNUMktVMXN1b2I1bWp3dVppcGJ0cmFnZ21vUw?oc=5,0.0,neutral
2026-06-19,2026-06-24,CSCO,Cisco is Overvalued at 7.01X P/S: Should You Still Buy the Stock? - The Globe and Mail,The Globe and Mail,https://news.google.com/rss/articles/CBMi3gFBVV95cUxQajZqMU8wN2NqWnVhYnFuS1RqZ1NIWjMtWjVqcmxueW9HZmFzX2xWN1BsQ3h6NTFYMEZnbjBRek93dXUzZlhzY1RpclR4cVZIMHQ2X0hudjhpUFlLcXVaQVp0Y3E1S3dfNEpMS2hkbmVkOUZEM00wYnhZN19Pd3FPQ0lNTGZjWDF0WDQwazc1WGY2WDVFeldzOHUxWEIzcnVrdC1lT3dCQ3B2eTAzUy0zd3ZQVG44b254WmYxRTRQS3lUcWFEWGFQOVJiOEg1WEF3Y1ZRM2xmbkVVN0laZEE?oc=5,0.0,neutral
2026-06-22,2026-06-24,CSCO,"Cisco Stock Looks Strong, But One Number Says Be Careful - Trefis",Trefis,https://news.google.com/rss/articles/CBMitwFBVV95cUxPbGhRTzNYeTVhVzJ3VkN3bDVHTmNyUmFKbTIxQy1mQTJWT3UzSHVrNFVIYUNJb3FXa3Y4endaWkxUXzc5NTNtTUpaUWx3OEhSNFEzQmEwSWdOaDktdi1QVkRscExOeVhSRUJvVEUxZ0dPWVJjZmJIdDZycXFqZFV1MFNRV3BkZHJIQTFmazNvSTdaWmx2SUt5bThRSWZ0Qkd5V1RwMmx5U0JJMUpoaXNzZ205ZVZfc3c?oc=5,0.5423,positive
2026-06-22,2026-06-24,CSCO,Better Value & Growth: UI Leads Cisco Systems Stock - Trefis,Trefis,https://news.google.com/rss/articles/CBMirgFBVV95cUxPbUg3cm14MkJ6TDRkeTBIQXQ4b2NjbWxoMWE5cmR5TmFnb0hHekFWeHlCQ1hNV1FfUjZsdFlzX09fdnhlVk9hQktLYU1sc0F5R1YwUXlyV1FIcDdJV2dVSHlIc3pqQ0pDX1hKT2c5YmtHQ19CYkNoV0duOTM3dVVyXzJzdnItUmk4ZXJIRTBfRk1lU0dZUU1STG9CRFhVakNaa21NVXFJSkVpaU0wS3c?oc=5,0.7845,positive
2026-06-23,2026-06-24,CSCO,5 Best Fiber Optics Stocks to Buy for the AI Data Center Boom - Insider Monkey,Insider Monkey,https://news.google.com/rss/articles/CBMiqgFBVV95cUxNS2lRWEYwVmQ0bW84VjkxRTBMMXZEWnhDMmlPUTBjaVNzazduYVRlUU5TSWU0azRUVlQ2YnFfR3M1b0hJNE5pX1hYeVQtb3dfQ2NSM3RHb01JOFFjZFdBX0hFMnF0ZzBrei1BTXNVaFYzTzZoRm1vY1NRaDBjQXJ1TWJKdWdoMEFlS2l3ckNkdnRYdkluazJkTVJrZG9Mdnl1ZTNDeGVaU21XZw?oc=5,0.6369,positive
2026-06-23,2026-06-24,CSCO,Cisco Systems Inc (NASDAQ:CSCO) Technical Breakout Setup Shows Perfect ChartMill Ratings - ChartMill,ChartMill,https://news.google.com/rss/articles/CBMi0wFBVV95cUxNUDlrMUQzdjNaYnhycXJwNVpmcFlIRDBQYjlaeWxDZmtfLVlCai1JTHVyeERDSTBGN3hGRVJnQnB2NS0zREpKREVjY3FLczlzQVUxTVFrdWp6RlJOMGVOMFlkTm53djdZR3U5RWhUdGFiSlR5d05jUVhTYnU5REFZNXdydkh2cUY3UHN2U2ZkMkRWTlprNVYyLUE1cFpScTBWbUNGTm9xTEpqU0JSRDRIRmgwT0JuNm5PdUlRd1FJcmQyNG0xY2FCNHpkTVlJWkRrU09z?oc=5,0.5719,positive
2026-06-23,2026-06-24,CSCO,1 Services Stock to Target This Week and 2 Facing Headwinds - StockStory,StockStory,https://news.google.com/rss/articles/CBMivgFBVV95cUxQZE9PeThTbzhmV3g2WGRLZWp0eUVwS3JDTXJkVkVVSzVEWWs0enFJMkNzNGg2Smo0SGYwSGpnS1hSNllJaXhhOUVwelpodTFsSmIxMXdUekUtbW12UDZXc21kWkhhT1BQNkdjWkVFZVUyX01EbTNWTTRvUTJpRzN3QjV5VGVGcDg5WXVXbmUzWV9kMzBIMnhyaHJsZ2FkeEdYN2daOGRsalVQSGF5cTI5b3BCQnVKSFdDa1JJUXVn?oc=5,0.0,neutral
2026-06-24,2026-06-24,CSCO,Arista vs Cisco: Which Networking Stock Owns the AI Data Center? - TIKR.com,TIKR.com,https://news.google.com/rss/articles/CBMikgFBVV95cUxOUHN3QTI3M1R4cG96cnVHNFRtQnc3ZTZYZE9yV1lqY1dLVUVicnQwRjUzN2JNQUo3SXNzak5MQ1dqYVo4TFRqSmxJQ1lwMFBRSmJyR0Q2bzdqVmxMbDRRM0lRalRYdGg0UzlMamZqSWxUdWRBb2tNVDRtdnVTUTdDRDV0bkZCTk1EcG80dzBGUWZzdw?oc=5,0.0,neutral
2026-06-24,2026-06-24,CSCO,Everyone Is Watching Cisco Stock's AI Orders. Here's The Number They Stopped Bragging About. - Trefis,Trefis,https://news.google.com/rss/articles/CBMi4wFBVV95cUxPN3owSHFjc3lTNC1RR2dmMlJlbDZvQ3JhMnpzdHdSanNYb1FiSFhjR0hXb2g0c1piRlpxQ0VZbzdIdnBQRWNCVGxVQU1jQ0tyTjF1VVp2WHRfNDNjRnZUQzlmZzJUVnlXVG5naDgyQy1GekhDMTd3emplUXYwcnJsc2M4RU4wdFF6TTlhM2lRaVNNaGNzMkVtMGV5cUlaSGF4ZHpJTXk0ZGxJbEhZQXhQTW9XUC1pX19ISDhNczFHTzZsV1dMa0o0UTBSWHBsYkdyQ0NCMjdpSno4THlPTExDdDBKaw?oc=5,-0.1531,negative
2026-06-24,2026-06-24,CSCO,"Cisco at $121: Buy, Sell or Hold? - 24/7 Wall St.",24/7 Wall St.,https://news.google.com/rss/articles/CBMifkFVX3lxTE1xX1g0MVpjRG5Jb3dNZnNrUXpNcWZRYUl5djFlbXd6NEdvNlpCTVhBMFZ0NkdjR0FRWGVWODlXTDdVaFhZeE5SSUVyNzhJVkxDbGRRTGFzU0R0WlFUSXdZbVV4WjR4TVFjakJPS0xMcFk5cktUQWxJeHlLckUwdw?oc=5,0.0,neutral
2026-06-24,2026-06-24,CSCO,Is Cisco Systems (CSCO) Fully Valued As AI And Quantum Network Deals Draw Interest? - simplywall.st,simplywall.st,https://news.google.com/rss/articles/CBMixwFBVV95cUxOTlNkSjB1ZGtpMlVRNU1TcGNsc09jUmYyU2hDeVNJdkxIWTJxOEZEc2doTTZhSXZJWEhyVVpVS1d5N3AycURDcU9EWV94d29CUWVWTnR3Wi1HM1k1Y0JmajVQR2VTdW9hMnA5Yl9sMGFYTV9TcUtmQ3pmendlckRIZlB4YzUyYm5XWEQ5UXpkbkh2RnY0WGNQRm1KbjVmQUY3cFpOa1lERHNOZkpLeWVEaHBiSl9SajN0YWFmSW8yelZqM21ORWZ30gHMAUFVX3lxTE1kaEpUX1BiU0F2ZzNab0xWMkhRT2s4TUFXUUVXdmNLSmM0WWVMbEJEVFJDZXF3UDlqWERram5XemhGTjFLLW9tbUNncGJ3UjZIVTNMV3B6VXZkdXBRQzF4TEZxUTV2Z2xUZlBSRl9ld2htTWl0TDJtZ3VxQ2YxZGlhSUc0d09aTHBqenVtVFp0N2x1UWJaajNwRGRycGpadERtb2wyblUyRVRFdUJYRUdsUmQxRXoycTctSXRCLWdnVFJTMVp3Q0x1aHhocQ?oc=5,0.7346,positive
2026-06-24,2026-06-24,CSCO,Cisco (NASDAQ:CSCO) Emerges As A Value Stock In A Volatile Tech Market - Kalkine Media,Kalkine Media,https://news.google.com/rss/articles/CBMirAFBVV95cUxPd0huOGw5aW9xcEExWldreWVvRHBkZ3MyRFpheGo2U3VCMkpDWklSRjVJRFExaWZUbnhuMV9jTmw0ZHE5bDlRT0JkYUFoVllSd3dENFppb3JDYklWU2hnREt6WlpnclhPU1lNWlpqVUFzLWFUOGFYcG42a1h1M1VsMDBtWFNid3V6VDFINWo0TlZCOE04YWlYYl93VXotYWNlazRiNy1BakhQRTFz?oc=5,0.34,positive
2026-06-24,2026-06-25,CSCO,Cisco Stock Price Prediction: The AI-Driven Transition and Long-Term Value Outlook (2026-2030) - TradingKey,TradingKey,https://news.google.com/rss/articles/CBMi3AFBVV95cUxPOGhhUkZ6eDhiRnN4cEQxUk02bm8xV3liQW4wYjRJcUpFWGl4UUZFcnJlMFdoX0FXM1lNMVRwNXl3R21ueGM2OU4tVC04YXlteWZTc3VXT1Yxc0VEUEtFRWN0SlBWUXJZRmdiNHhPVWRsMzRuMjFWeGl0S29ucURHVG5jNTYzMVN0enJNVGQtX0ZoVmVKUlI5VHRQYVVIc0tlYjRTNURGN2hpNmItYVFQcTVKM2FUQkZVbER6S2ZXd3I1S0hoZkUtZlAwU2YwZWxhSkF4QlltT0h5MUJH?oc=5,0.34,positive
2026-06-24,2026-06-25,CSCO,Why Cisco’s (CSCO) Acacia Orders Give It a Clearer Role in the 800G AI Optics Cycle - Yahoo Finance,Yahoo Finance,https://news.google.com/rss/articles/CBMilwFBVV95cUxNZHdLX0tqZmtxMjBXYTNacnJlS2JHakxLTUFQTkNwZkNhRUE5cDdXcFIwalB6bG9URzJkSkpnVGIxNzdMZ1hjYTNPSzFqVDJpS1psODdQVlhXMVRIODJobGlqMjBvQTNHcmxVcnN0Z3NzQUcwbGNsb1NMbFl0TktUb2FjNEJDR3RtUGVRM3JuXzZnNXpUX3Bv?oc=5,0.0,neutral
2026-06-24,2026-06-26,CSCO,CSCO 260626 90.00C (CSCO260626C90000) Stock Options Chain | Quotes & News - Moomoo,Moomoo,https://news.google.com/rss/articles/CBMiugJBVV95cUxQSHJZSjVsMkRUX2RCcWsyLWYzRGdZTDgyRUEwTzlNNGxhTnNuZjBVM1FGaHRNWEN2TGlhM3RMV1dYb3ZZV1FQemNFR2taZWpyVmlnZjhBeVR3Y1JSY21mNUN1MGM2Q0EwQ09kSWJVa3h0ZzkyU0RRVWkyUXY1VXdjZlNFMHViOGZYNkx1dS1SV1N3czF0RW5DUHMxYU1GeXVWMlEyekJuZHMwZXVEbHpIcE9odFhlc3htaTdCYzY0MG5BV1plWGFXN3RxS3lZYVpBTXVOQktpYkVRQW52UmtfR3U0UmZpNXpaU2tCWC1DU3BoOGIzVEY0dUYzX0phME5xY2E5M0ZBcFlGNFFVT0VvWHpHQk83UjgybTVOWV85UTlKcmk2SEM3bnNWTkNBOFdHZ0pLOHJnLWFiQQ?oc=5,0.0,neutral
2026-06-24,2026-07-13,CSCO,Everyone Is Watching Cisco Stock’s AI Orders. Here’s The Number They Stopped Bragging About. - Trefis,Trefis,https://news.google.com/rss/articles/CBMi4wFBVV95cUxPN3owSHFjc3lTNC1RR2dmMlJlbDZvQ3JhMnpzdHdSanNYb1FiSFhjR0hXb2g0c1piRlpxQ0VZbzdIdnBQRWNCVGxVQU1jQ0tyTjF1VVp2WHRfNDNjRnZUQzlmZzJUVnlXVG5naDgyQy1GekhDMTd3emplUXYwcnJsc2M4RU4wdFF6TTlhM2lRaVNNaGNzMkVtMGV5cUlaSGF4ZHpJTXk0ZGxJbEhZQXhQTW9XUC1pX19ISDhNczFHTzZsV1dMa0o0UTBSWHBsYkdyQ0NCMjdpSno4THlPTExDdDBKaw?oc=5,-0.1531,negative
2026-06-25,2026-06-26,CSCO,Cisco (CSCO) Stock Sees Modest Fair Value Lift After AI Networking Target Raises - Yahoo Finance,Yahoo Finance,https://news.google.com/rss/articles/CBMimAFBVV95cUxNS25LY0lGd2hMZ1RncXlrR1NlekNQR1FzWlM4N3pHZmVhMzM2OWxXWWUxNlYtZXRkREo0NGloQ0hoejNqLVRfa0pNbFNwUlo5SHZvY2hxWUxEaGlzaW5FMUxRa09CYzkwN3UtcmlQbkplbVFVU1U0TUZHSEZSS1lmMFRtdVRDbHBjb25oSkpqTk15M2tQWHExYw?oc=5,0.5719,positive
2026-06-25,2026-06-26,CSCO,Cisco Stock Price Prediction: The AI-Driven Transition and Long-Term Value Outlook (2026-2030) - TradingKey,TradingKey,https://news.google.com/rss/articles/CBMi3AFBVV95cUxPOGhhUkZ6eDhiRnN4cEQxUk02bm8xV3liQW4wYjRJcUpFWGl4UUZFcnJlMFdoX0FXM1lNMVRwNXl3R21ueGM2OU4tVC04YXlteWZTc3VXT1Yxc0VEUEtFRWN0SlBWUXJZRmdiNHhPVWRsMzRuMjFWeGl0S29ucURHVG5jNTYzMVN0enJNVGQtX0ZoVmVKUlI5VHRQYVVIc0tlYjRTNURGN2hpNmItYVFQcTVKM2FUQkZVbER6S2ZXd3I1S0hoZkUtZlAwU2YwZWxhSkF4QlltT0h5MUJH?oc=5,0.34,positive
2026-06-26,2026-06-26,CSCO,Q1 Earnings Roundup: Cisco (NASDAQ:CSCO) And The Rest Of The IT Services & Other Tech Segment - StockStory,StockStory,https://news.google.com/rss/articles/CBMi5AFBVV95cUxQNkRZU0tXbGstbGNmakV2Y3JoNi03RE9mOURaOXpweVNkTzBFT3Zadm04TFNXZ09KNHVvc1RvWUMzVTNxeE9kUUkwaVV4NVBPMnV1a2dtTkI4S19XNXU4QVdYMVBFanVzdVduMkwtMG5jWDludWU5eVRWTmVtY1FmY050cE5ab3hrQmp3R3gxRFNoYXpHU2o1djhEN0gydklNNGZmYmJKQkdoM2pDYnNiX0pJLXJYM1BoQVZSeUx0U3hIN0g2WGJzN0ZJZWFKc3VKdWlWN1k4SGZwZmJ2NkhxVHB4OC0?oc=5,0.0,neutral
2026-06-26,2026-06-26,CSCO,CSCO Maintained by Keybanc -- Price Target Raised to $130 - GuruFocus,GuruFocus,https://news.google.com/rss/articles/CBMipwFBVV95cUxOWTg0VGpUTVNEbEtLQXdsYXR6MFRGc0hkMTFkY1ZBblhWUEtjRGp6N082aVdZUU93NmlOWS1FR1I0UXJBankzWVdibkpqOUlCZ1Q2d09yRVdMZEVTQkdyM2dSYTZSYWxsaWRzcVZETEJvUEhzMDlKbzNTbEVtcVdiT1hkQUw4Z2xwQVJsSHJvNHZOR0s3dGhkN2o0V29jaFFlQXB3WnQyVQ?oc=5,0.0,neutral
2026-06-26,2026-06-29,CSCO,Cisco Systems Inc Stock (CSCO) Moved Down by 3.47% on Jun 26: Drivers Behind the Movement - TradingKey,TradingKey,https://news.google.com/rss/articles/CBMiiwFBVV95cUxQNlVGUWhiZGpQOW5SRkVfVG9vaHA1QVhUM0dLQjVfOFlkdHJKQ2Y0LTJTZU9nQTd4ejE2WDdQZlI0bTZscTBuSE4yX19jTEpYdDBOQXNpdUM1UlVGcHZjdTM0aWF6Z2ZOZkVXY2NrX2tRQ0JFVWpqTjEwRWdabHdaY0k1TUNheHpMU0hj?oc=5,0.0,neutral
2026-06-26,2026-06-29,CSCO,Cisco Systems (NASDAQ:CSCO) Stock Price Down 4.4% - Here's What Happened - MarketBeat,MarketBeat,https://news.google.com/rss/articles/CBMiugFBVV95cUxOYjBMVDBxYTJDWXp4aDFCOWlJNFQ4MDVnYUptc3l5NWtZMDF0ME4yZEVFcmNybEhzdWllazVGdnc0OUF0dFN6QV9ZN3ZxTnNYZ3JEeURwc0V1Zk1hcThxRFZQMk16OWpvRnVfSTA5LVZwOFFGTlh1TWI5dkpMNHVQbDQ1eVlXWHFKWFY2Rk5zSTJBd0dmTld5X0U4SGd2aURJUldUakVvUVRKaV9fQUlaaTF4T20wUDNkU1E?oc=5,0.0,neutral
2026-06-26,2026-06-29,CSCO,Cisco Systems Inc (CSCO) Stock Down 4.4% but Still Overvalued -- GF Score: 81/100 - GuruFocus,GuruFocus,https://news.google.com/rss/articles/CBMisAFBVV95cUxQNS0temlaNmk4T1hfUWh4dTBtOEJyVlZYMW9ZTUk4VmU0UkI3UDVkano5QWZfVlFua1FHWno1OXV0ZlVYYjNsdGFaU2pQeUxlbm0yTHRXd2ZaUlZ6VVlsbEtiYlZUcm1pWDBJYXlicG9aaFR4SlZrQy1jckxVclRSdFdONWh3aTdqNVhVNWw4MHF1Wnk4c21OUVB3YzdQSjM1TFNVX3JmV2lZSWFoSHVXWg?oc=5,0.0,neutral
2026-06-26,2026-07-13,CSCO,The Real Risk Inside Cisco Stock - Trefis,Trefis,https://news.google.com/rss/articles/CBMimAFBVV95cUxOTEdEVFdxbTZoMjFaSHB0d2R5Qk5YcnRuM0sxUUJsWjM3dHhsWTA0QzN4N2YyejR2T2l1VHp0ckNXb2d6Q0dsOE9Jd1FNNlowNVU5Vk52Ykd6TUFDRndxOUhXMDFPbVVxV09zYks1THFjZjFybzNRdmRDTDlkbFZST1otZDV6WURmMlZVNW5UWGdoZGF4WVkwSw?oc=5,-0.2732,negative
2026-06-27,2026-06-29,CSCO,The Real Risk Inside Cisco Stock - Trefis,Trefis,https://news.google.com/rss/articles/CBMimAFBVV95cUxOTEdEVFdxbTZoMjFaSHB0d2R5Qk5YcnRuM0sxUUJsWjM3dHhsWTA0QzN4N2YyejR2T2l1VHp0ckNXb2d6Q0dsOE9Jd1FNNlowNVU5Vk52Ykd6TUFDRndxOUhXMDFPbVVxV09zYks1THFjZjFybzNRdmRDTDlkbFZST1otZDV6WURmMlZVNW5UWGdoZGF4WVkwSw?oc=5,-0.2732,negative
2026-06-27,2026-06-30,CSCO,Cisco CDR (CAD Hedged) (CSCO) Stock Forum and Discussion - Moomoo,Moomoo,https://news.google.com/rss/articles/CBMipgJBVV95cUxObl8zQlB5TVRQdF9MaFNDbVE5UHMtXzBhc3UzcmlkSE9CRm1HOUh6ZWQtUF9ISHVheXh0cWpQZnE4SHJkVDBXZnBlZjltckpmMzZicDRMd3RDODhuWUhuMWZwQjJSbFRsU285ZS1URF9xNFVjWXd1SkNvc3BUcUFtUTJXbDZNVF9EWGtUN1lvR1lEQjU0NFlpRHpWTjdNYktqWjVKeTNUZmJLYmxZN3VKd0YyUXpqTXdDR0Ztc3ZrcGdLMEdpNzFIbFhGaDFnVTVjWm9OMmxQcURKeTdBa0RCZlRQcDJpcXhHQWozVXI5R2NzeDRxeERVT2dXM1ZlQ18wUDFmY0t2bzdEei1SYjJjbjV2YVJ5NkJVa0xqdm8wNmZtV0xrdWc?oc=5,0.0,neutral
2026-06-27,2026-07-13,CSCO,Here’s Why Cisco (CSCO) is Among the 15 Best AI Stocks That Will Make You Rich in 10 Years - Yahoo Finance,Yahoo Finance,https://news.google.com/rss/articles/CBMikAFBVV95cUxNREx0QlhNaFEweDZGa1ZZa1ZyU09rblNqYmdoeENpZDFIdEdzOTlQclBqakFpQnNkdEhmVzFCYWR3ZDlGYkRhQUVyZkFLU3RtOHVhWnEyMVc5RGdqSFVmR2ktdVFqa25YZ21keXVSdWR5MVd2NXhjLThnZ0tLN1pvanR1MDNteC1UOF9LdVZIRGU?oc=5,0.8316,positive
2026-06-28,2026-06-29,CSCO,Cisco Systems (CSCO) Stock After 50% YTD Surge Is There More Upside Left - simplywall.st,simplywall.st,https://news.google.com/rss/articles/CBMixwFBVV95cUxQWkJQRHBnY0NJSWt1QThwa3pLV1kxOWYtWWdSdE1SSTdmWWNJQXZFN1ZmMXpYVWJIamVoRmhPVGJ3RDZCLXlrNHVsSDNrdk9lS2g1Xy05RmVzZUpMMXctSHd2a01hNjlneXRYa2t1MzVKU3YxTVdTQ3Y2WlBCTHpXTm1pMFNFRzNVWFFWQ0t6TlJZekYzOGV5MnlvTnhES09IWk5QMTVCUkM5VDZyd2dXaW9vQXRYdnJsMkljMFpCQmpmYWFRdUNv0gHMAUFVX3lxTE9USWVGZmpDQ2k1YmZzS3BZNVFqQmJHajFSWVR0OGJiTUF4bThoUC1Xa0ZpbTNlWVFHS0h3RVQwYWdlWFBmQVFaenhQN2c3VGNIN29hQ1dfWDQ2eGhudk0yd2w5UEpJVTBTVlZwZnlkMUVOUGQ2S3FIQy00cGxIYnA2ZFRHNGRWN2lUVnJIbXhqZmFtNmFLRTVzVGc4Q2RJc0YxaVYtbTQyWDZJWFVSVEd4WW5qSDFZVW5DWGU1c1hYQWdmaFdOX29raXE5VQ?oc=5,0.0,neutral
2026-06-28,2026-06-29,CSCO,Cisco stock selloff: Friday volume drives 90% of weekly drop before short U.S. market week - TechStock²,TechStock²,https://news.google.com/rss/articles/CBMirAFBVV95cUxPcmplSUF6MUdSdlRZWGw4QlJpOEpBT1BpRnh0a1pkOEpqMllFZ2pYSTlfNE1BSHpoNVMwN3lvUHU2VVhwcXJHa09OQTJ1dFZydTVMUHJCMUNmNUd1X3pzR2ZQSU0xUUhnNDFMSzhIdjJ1YmliaGlRZ0ZPNnRGb0RDbTdYUHRnSDBqMFdOUnRNenE5dHpXbklHM2F6ODItTGd5UjdSNTZwVVNsdEgt?oc=5,-0.2732,negative
2026-06-28,2026-06-29,CSCO,"The Smartest Dividend Stocks to Buy With $5,000 Right Now - The Globe and Mail",The Globe and Mail,https://news.google.com/rss/articles/CBMi1wFBVV95cUxPUnRWb3hGTTJLWWhqbVl3M0g3NFVIbFlESHltMUdyeUM3ek5kSG8xNmdhUy1USTNzdkFkQUlsNTlrMkxiXzlBTHV4S1pKOUVMakQ1LVBzX3lFb05FUzBVNUVJNVlhOTJkazNSTDVxZ0dIUmpySWVSV3BRb082SWRwVEpkOHJjbHlhRmVCOEVrdFh6OFZZNHYtVVA4Y0lFOHpvZVRuekpOVjZsWE8wMFExeHZ3akxEc3ZTS1lXM0lRSExNcU92d2xkWG5RSDZJMVZQbmN4MHFrVQ?oc=5,0.6124,positive
2026-06-28,2026-07-01,CSCO,This Analyst Sees A 22% Upside In CSCO Stock Ahead Of Earnings - Stocktwits,Stocktwits,https://news.google.com/rss/articles/CBMiwwFBVV95cUxOOFpaRnduUHBMQnNadnRZaV9XNjlFMU1HczVKWmtsQ2Y2RXU3R3NLVzRjdUF3MlZDemZNWlJEWnhsNUNJTE1nOHdSZnFia192aHpPeTF2RTFYd2xaSmY1dUN5UkZwVjgtY2NVRUh0RlJQa0RLU0UtbkhZUjI1eWdPdmZVQm5tM2lETWhrWmh6Z1NoUzJSUF9kLXJEcGluVHpTZVR2ZGE5TXlvdDVocDE1dE1fMjZ4cWtFMXU2ZThaZG1tOTQ?oc=5,0.0,neutral
2026-06-29,2026-06-29,CSCO,"Cisco Systems, Inc. $CSCO Shares Sold by Sterling Capital Management LLC - MarketBeat",MarketBeat,https://news.google.com/rss/articles/CBMiygFBVV95cUxQX3R6U2draEUwai1CUTFMRm9pTnZtN05kbmk5N0h0amJUS3kxS3JmT0x4YnFBTVVLLXZpMDBNZVJydGYzeDZfcl9kZ1FFY2gtUXF3R0NuQzdrUnVSb0U3OVppSDhKclliMExqelhwZkdVNG92TTBmRWZmVE5iUU1LckhoWXN6T3prRFZJN3NjZTZUTlJZRDNJaFNiSDlnX1I4ZXpuaHppR1YtSFY0bGRYdi05eU8xQlN2eDVQLWdoQi1TeWppUndSNV9R?oc=5,0.296,positive
2026-06-29,2026-06-29,CSCO,Is CSCO Overvalued? DCF Says Worth $46 - GuruFocus,GuruFocus,https://news.google.com/rss/articles/CBMigAFBVV95cUxPSEgyVnFxOFhvSWVjbXAyTGUwUHlUZDVsMEVWRUhCWU4xek9uaVdTaUJvZW9lME1KdEZabjRfODlwcVRLME9LTGNyaGcyV2doZFFRb1VkQ0w1V3hobWEwTWVfbm9ERUJtLUFUWWdwV2dFREs3OUlzUWRjSnp1VmJOYQ?oc=5,0.2263,positive
2026-06-29,2026-06-29,CSCO,"Patton Fund Management Inc. Sells 66,311 Shares of Cisco Systems, Inc. $CSCO - MarketBeat",MarketBeat,https://news.google.com/rss/articles/CBMizAFBVV95cUxQelZ6Q2hhREhfdkZVWjNaVGRIYW1PS0k0Q3JtS25Cc05ydGNlelJUZjlEclg3cmxzcDBxUTlfZW1MTU1nRTdiaGdHV0JaZEF6bFV2R3ktWXhWWFo1UkVZT2Fsa2xVdUE0alBjWGdyX19RTkE3bTNzbkFNVzg4bFZEZ05GN0RDQWl0X19yRWptQ2dOeWY4a0w5QzcwSU9PN0pDQ3JNOVpwbnN4Rlh4SDVxUE5lVkZZSTJQWF9kb1RZOFVueDJlcGVLNjdWRFo?oc=5,0.296,positive
2026-06-29,2026-06-29,CSCO,"Orange Investment Advisors Inc. Sells 11,075 Shares of Cisco Systems, Inc. $CSCO - MarketBeat",MarketBeat,https://news.google.com/rss/articles/CBMi0gFBVV95cUxNT2VReDRnREJCd05qWGYzdFpFbHJldndfVWJQbWhEMDZZTTJ6by0zR2JRb0Y3d3pQNTRLVjdLekFVZnlWZUpkUEtibWNQaG5RcW5UY0NqQjlCeTVVa2JyUnNiS0RGYWJQMVVMM2dRSVh0MHlMcGFDNVI0Tk9mazVwN2wxS21sV2txZ1Y2MVdJajdoM21SRWhCSFhydzdZUUM4VDlVQ1RWZjZxS3FsZHdsdHZnYTd2akFDUVRKcHNKbXplN19mQldIcmdsVkcwZU40VlE?oc=5,0.296,positive
2026-06-29,2026-06-29,CSCO,"Aspire Private Capital LLC Invests $1.43 Million in Cisco Systems, Inc. $CSCO - MarketBeat",MarketBeat,https://news.google.com/rss/articles/CBMizgFBVV95cUxQcnRZSkFlbHhuT1E4aUdiRktrVjNQOWVXVnZ4bEs5Rm5pYjEtMWpkZjAtZkRkaHM1VVRBQmpTaXIxa2VIYmdQTFBrVU42Z3hFUXd3eWYyLWtWYjRDakc5cEtwWFJLMUkwVUhBZGxTazBiTFRIaXVQa29oZThIQVhwR1lpV0ZpS2pleGx0eGpjMGdDTW9iMEZuVmIyWkhQMnUwX0dZbkdFOVZXcXpXTEp2S2NVNkNydzIwUFR0RmlCQno2SXBwQV9rY2VSUlE4Zw?oc=5,0.0,neutral
2026-06-29,2026-06-30,CSCO,CSCO 260717 115.00C (CSCO260717C115000) Stock Options Chain | Quotes & News - Moomoo,Moomoo,https://news.google.com/rss/articles/CBMiXkFVX3lxTE8tTUJtVF9sd3YzUXNqRVhIcUNQeGtBblAtdlhUNWpZOGJOS0Nmc3lKYnlTVFBSbXhOeEIwWDQxQ0Y2LTBwc0Z0bFRPQlV1bjFDQUVaY3R1STltdGtSUnc?oc=5,0.0,neutral
2026-06-29,2026-06-30,CSCO,Is Cisco Systems Inc (CSCO) Overvalued After 3.5% Rally? GF Valu - GuruFocus,GuruFocus,https://news.google.com/rss/articles/CBMitgFBVV95cUxOT3F1dUFQOEEwWXFQWVJKOV85WFpkbmxTaC00eGlZci1aVXRjTnNHRm9QNHVBRHNxZUpFZXkwczNfY09GUjNvQW1BQjBGTkdQcTFzWEtPSkh4ME9xLWgzbmt2QlUtY0ZkSVVpNlhNazlodzVNVGQ1UjVfYnN4N1c5TGJMaUFCMXdNUlAwRnV6QWQ2SWlOZGFPbGxqV3RhSEU5bkVrT1hkRW5vTjNXd3RHVHh1WTlnQQ?oc=5,0.0,neutral
2026-06-29,2026-06-30,CSCO,Cisco Systems (NASDAQ:CSCO) Shares Up 3.5% - Here's Why - MarketBeat,MarketBeat,https://news.google.com/rss/articles/CBMiowFBVV95cUxQcm9xQU0tNmFseTJhUTRFczNpTU93cDVEd01pTkZKZmtkS0hYLUlLdmp3R2FOVEVRMHpRUnpkQm84ZFZtblQ2ajV6QUpjZXV3ZVpwSnVpQ0VTdW5CbldlZHE3T2RPWkhHbFJfdVFtTmRyRkIyUkxSSUp2RXdKc3hJUU42M01naU5nd2hpd2NMVWQxQmVhQ1ZBWWF1OEktQjR2VkZj?oc=5,0.296,positive
2026-06-29,2026-06-30,CSCO,Cisco Systems Inc Stock (CSCO) Moved Up by 3.38% on Jun 29: Key Drivers Unveiled - TradingKey,TradingKey,https://news.google.com/rss/articles/CBMiiwFBVV95cUxQYWNuWEd4Ul9ZZ0hsazFvVXRCdXg1ZVBfRlRId0sxdHdPaTBwUURiUDlWZjFYM1MxTWoxSThCZDZUWXVGbnJ0VEw5Q0duQjVJcjRSUVlOdkFRRmhVT2xLbm5FSFpobWNIaDFkdWFvNmFnRHFudWpfOVBnLTNYRzBGUEZmbjlOc2FFTW53?oc=5,0.0,neutral
2026-06-30,2026-06-30,CSCO,"BXM Wealth LLC Sells 20,096 Shares of Cisco Systems, Inc. $CSCO - MarketBeat",MarketBeat,https://news.google.com/rss/articles/CBMivAFBVV95cUxPb0FjQ01xZmlWM1FaRndGMDhFWUxUYXA2MTdHUkpnMGN1RUNnMzd6ZEp6dGFNTFFTMWJCWVQ0OEFDOExsTDRld0NNd1BIOUR1WW5XbVhWMTJVSlZzenBCcGVsemVaaUF6R2w1M0NCQWxQeTNGTHhqeGdXZ1ZiTWN5SFFqcU12TDkxU0U0TndfQzBfbGowMmhONWdtN09lZHdWTDhLNnhqVEVvN2dYai1yYS1RZ3c4ZG9BQmdYbw?oc=5,0.6597,positive
2026-06-30,2026-06-30,CSCO,The Bull Case For Cisco Systems (CSCO) Could Change Following New AI And Quantum Infrastructure Partnerships - simplywall.st,simplywall.st,https://news.google.com/rss/articles/CBMiyAFBVV95cUxPMTVnWWFOTDVfUk1Dd2ZFcUNIM3BfQjlYbHRFWUZHMFR4U2JpUWUxTFdUZVRURVZnUjFQRkhjcklKM2dtVmlFN2RSeklQd3VMbnJ5emdxdTRhY1ZOejJfOGFTTTR6YUp5cmxhek9Qc2tZRDRLVjdkOThvM1gyclJ2UkxzSTZ4UVJVYmhMLVE4TmxyOFVzMFItckdfaDBud2lKeHV1R08yNTVhVURJaXctYklBTThfaWFFc2x2YURrQ3h2VDNneW1OcdIBzgFBVV95cUxNMWQ1NXhVcjNqaklhcUNGYlRObFhNSTNmVFo0Vm50U2FIS0F4akdwNlExMTJ0MmpwcWFiXzZuVFNuSTJEZ3h3eDNhQ0t2LTBxa1hmX2U2dVZtX3hULTZCWXRsYnFaVXFMVFZBeGlWalBrTzlKeUF2S08wY3g5dEdFZjhBTHk4cjlZMTR1RzVKN2J1YW14SHZEdkpsdTdqMGhia0VhbFBUSUs5YnA2QnN4TzM1M3RHX25ZUHFfZDd3anh2MjJRLVlnektZX3E5QQ?oc=5,0.0,neutral
2026-06-30,2026-06-30,CSCO,"Forum Financial Management LP Decreases Stake in Cisco Systems, Inc. $CSCO - MarketBeat",MarketBeat,https://news.google.com/rss/articles/CBMizAFBVV95cUxQaURMUXAxb1RFMzdOdEZiaGVleFdQN2xkYmpKalJrYkZZclk0MEhUNkh3UVp2eDFKd2I5bkhqT19JV1cxdUZXUjVESldYU2dvanpUaTA2Ui1RVkhPREc2VUczSUtoRmxKLW1OZVBnanUxYTJhNk51cmdGRHBpQXNSUHc0dmtnYVdnSWNqVEl5bUVnSlRCVlZydVpRTC1sMW5QZ2p0NnYtS3laNThNZi14bG1VVHBZai1hRVhXQWhXSTE1TV94WGVwOU55V00?oc=5,0.0,neutral
2026-06-30,2026-06-30,CSCO,"Lansforsakringar Fondforvaltning AB publ Sells 44,331 Shares of Cisco Systems, Inc. $CSCO - MarketBeat",MarketBeat,https://news.google.com/rss/articles/CBMi3wFBVV95cUxNNEVuM1JZQzN2MkM3NzZWbGxQRXlfWFozUGZwT1FRVjd4bS1RaWN5WkJ3bGRFVGtnRzQwNTJfM19ycTN1NndKUmVHUGI5aC1uVEoyZkx2a014Rzl6ZjBLXzl3c2xDbVlTY19vYmtIam8yQnBFbFp2c2NiaWd0bE5GcW16YlR1TnZLZ1lZTEV4QlhqUHYyTDRQUjRnRnVwRzM1cWRwQVk3LWZ3akIwZ3pqdHdhb3F4NHJZU1gtNkoxc09oNlYzZk5OSzRrMEdTbzE0SjA0UkNSOEVCcGQxZUhj?oc=5,0.296,positive
2026-06-30,2026-06-30,CSCO,"Folger Nolan Fleming Douglas Capital Management Inc. Acquires 9,442 Shares of Cisco Systems, Inc. $CSCO - MarketBeat",MarketBeat,https://news.google.com/rss/articles/CBMi8AFBVV95cUxNOFZHX1ctbkotcWh6ZDJPSERSTE0tODVqLTJiOWtsOGx0TmVKOENaS2otMUs5Qlk1UFZ3eUV5Vl8xVjJxT2RqZmRsWFNEQlB5OHlUMkc5a0E0dTNFeEllRGsxem5DbGIxZHVxNG9LeVlIMUU3R0NwclhPQmhDUUxVejlpV0VuUnpqaFN3dlZ0MWRucERleEJBNUd3a0NyMUhWbjFnaDZEN1d3V3dqeVJ5RVZpS2hIdFhXdmgxMENZUVRoYVNlaU9hM2R6NERnVHU3cTh5MVlWcDB5di1Pd1lYUXF2UGVMXzhoTlVCQm5PVGg?oc=5,0.296,positive
2026-06-30,2026-06-30,CSCO,"AMI Asset Management Corp Makes New $722,000 Investment in Cisco Systems, Inc. $CSCO - MarketBeat",MarketBeat,https://news.google.com/rss/articles/CBMi1wFBVV95cUxPV1hfM2tlYkN5cWxScF83dUxrMGNzNGNGajZ1Q2xJVzlzYkRGWXJlYlpxdXNGd0JRQUVaejhabVNQZjI0TmhxVG1vYy1leFdmU3BLUlpreGowMEpQUnFYTFFOeFN4S0ZsVHBHZGJHVkROXzJsb291Y2xkWGZUZTJqZDFDUE5RNFNLT0ZtNFQzWGhFOE9OWEQ5cUhOd2VOeEprNnh4NW82QWtLMXduWUtuXzVvX3NwelY2bzJPekI1VjFZSm1IUnZ5SmV3amkycE40WUxacGs5Yw?oc=5,0.3612,positive
2026-06-30,2026-07-01,CSCO,"CSCO Stock Soars To Record Highs Amid Expectation Beating Guidance, Job Cut Announcement - Stocktwits",Stocktwits,https://news.google.com/rss/articles/CBMi5gFBVV95cUxPWlNnbGJZelplM0x6OFVHTmVwUUtVVGUwMUtSRjNnanhaZ1JhaHk2N3FwbnYyYzhuWVJmdlRlQl9zdDFybGxFU3Z6LTc5UFRXcmZ5YWtyT2VxdGJxOGFaekZHQ1pnbDR0ZEFxcDNHaG5aX3RvczhoOThkWTUtUDNNTnNMMUNmMHFLdGNYbk9EUnQweGV5WU9aWjNaRTlPVVUxc0paaWJQQTNqWEROZGI5aUVVLVlBRzZfUWJoZzZtdXp6Y0N4NGZfdTRJcG1FaVhGLTYwUzlLcEU1OVZvdEpzU1hDSlVpQQ?oc=5,-0.6249,negative
2026-06-30,2026-07-02,CSCO,These Are The Best-Performing Dow Stocks Of Q2 And First Half Of 2026 - Investor's Business Daily,Investor's Business Daily,https://news.google.com/rss/articles/CBMijgFBVV95cUxNcVY2ck1hNzd5ZTA2WDRyX0NxM0RHRWNvbkdYMERVNUpWN2t1YVZQQW0yWkZnYWQwTFZ2OWI2cGZwa1NWQVl3cWFuX2xrR0tkTkxOQzBtVTF5MURCUnd0VlNQNkl6NnotY09Ibm9HR2lWTnFZazNHc25sbUY1OFpZOTRBSXVUdWxaSXd1czdR?oc=5,0.0,neutral
2026-07-01,2026-07-01,CSCO,"Cisco Systems, Inc. $CSCO Shares Acquired by Premier Path Wealth Partners LLC - MarketBeat",MarketBeat,https://news.google.com/rss/articles/CBMi0AFBVV95cUxQaE4xaGJkN0lCb1NXMGgtS21nN05PQ3dlOVNueERzUGZmR0lpakdUVlY0M1BpQjI5dHZsRVJuZzQzTVBaQk0xV2ZwRFotRXdIR3Q4dVNSbzg0UDE0a0g4LU1BRDh2aFVBS3gzdnhzTTNreFJlQ2JyYV9XTFk3M1dDbnppRXhZb2VmZW1VeUl3LWZwTzZHZENqbHhzbjRZeFNXQngyczBHV3JQQUxXbmhyRExIU0tqT0NmTGJKQkNVYlUtckhjTTQ4c3lJYjNkZXBZ?oc=5,0.6597,positive
2026-07-01,2026-07-01,CSCO,"IFM Investors Pty Ltd Purchases 28,982 Shares of Cisco Systems, Inc. $CSCO - MarketBeat",MarketBeat,https://news.google.com/rss/articles/CBMiywFBVV95cUxOTU5ZRlQ3cmFpaUZFb1JUd2pDdFR4SVNoa29QeUhqU2tnU0s5R0VNX01DRVNtTGxTMGl6M0xaM0tsYmVEQzlOWG9IcVBpSzM0ZDNaY3NQbEE4V0pCRGZOWi1pbm9FMjhyTnpJVUtQRnBvRWQ1Si03aUJadTRNY3k5VndHWEFrdXJxRkxEMWxLN0dOY2tRdUlpQTMzYXR0WTNYQjRkY2lfeGlWT29UNmRtNm5pNDZnVlZKb3YzTDlRMmRZUDdvR240cHJLSQ?oc=5,0.296,positive
2026-07-01,2026-07-01,CSCO,"USS Investment Management Ltd Buys 12,251 Shares of Cisco Systems, Inc. $CSCO - MarketBeat",MarketBeat,https://news.google.com/rss/articles/CBMizwFBVV95cUxObVRmWGhkWVVacmI4cVY5V0xrRG5tWkFrRjIxajEtZ0lWN1pGdWNnM25vM0J2b1dJYWNEcHd5eVJBNGpaSlVvR1diU09KUzd1S2FNOFNfbnM2alp6ZE9nYjlQc0ZnWF9DcUZkSG16blU4N0pZWVIxc1l2Zzc2X3RYSWNxcFNpNl8zaURYRk96OER4MW1ETWtOTFVhQmpTTFJMWi1VbXhpcnFiTzBMdVF5bzdjU0ZrZ0tXLVNpRTJsbllOSTA5OWlFRTlBUEx5UWc?oc=5,0.296,positive
2026-07-01,2026-07-02,CSCO,Cisco (CSCO) Upgraded to Strong Buy: Here's What You Should Know - Yahoo Finance Australia,Yahoo Finance Australia,https://news.google.com/rss/articles/CBMihgFBVV95cUxOYlFtNkMxU1htQVctMFpucWRzeXk4TjEtVVRiZjdSMFhfQjFXbFVRc1RUbnNRRE1EQUNCMkpQcDFBdnB0NEFzRDEzYzdCRmZvNF9MY0kxeXp1OGVWTzBxbHBsRmo3amxNRHVPT2tnVDloRjFMUmh3Q2VGRGJnTzE5SDBLbm01Zw?oc=5,0.5106,positive
2026-07-01,2026-07-03,CSCO,Cisco CDR (CAD Hedged) (CSCO) Stock Forum and Discussion - Moomoo,Moomoo,https://news.google.com/rss/articles/CBMipgJBVV95cUxObl8zQlB5TVRQdF9MaFNDbVE5UHMtXzBhc3UzcmlkSE9CRm1HOUh6ZWQtUF9ISHVheXh0cWpQZnE4SHJkVDBXZnBlZjltckpmMzZicDRMd3RDODhuWUhuMWZwQjJSbFRsU285ZS1URF9xNFVjWXd1SkNvc3BUcUFtUTJXbDZNVF9EWGtUN1lvR1lEQjU0NFlpRHpWTjdNYktqWjVKeTNUZmJLYmxZN3VKd0YyUXpqTXdDR0Ztc3ZrcGdLMEdpNzFIbFhGaDFnVTVjWm9OMmxQcURKeTdBa0RCZlRQcDJpcXhHQWozVXI5R2NzeDRxeERVT2dXM1ZlQ18wUDFmY0t2bzdEei1SYjJjbjV2YVJ5NkJVa0xqdm8wNmZtV0xrdWc?oc=5,0.0,neutral
2026-07-02,2026-07-02,CSCO,"CSCO Stock Soars To Record Highs Amid Expectation Beating Guidance, Job Cut Announcement - Stocktwits",Stocktwits,https://news.google.com/rss/articles/CBMi5gFBVV95cUxPWlNnbGJZelplM0x6OFVHTmVwUUtVVGUwMUtSRjNnanhaZ1JhaHk2N3FwbnYyYzhuWVJmdlRlQl9zdDFybGxFU3Z6LTc5UFRXcmZ5YWtyT2VxdGJxOGFaekZHQ1pnbDR0ZEFxcDNHaG5aX3RvczhoOThkWTUtUDNNTnNMMUNmMHFLdGNYbk9EUnQweGV5WU9aWjNaRTlPVVUxc0paaWJQQTNqWEROZGI5aUVVLVlBRzZfUWJoZzZtdXp6Y0N4NGZfdTRJcG1FaVhGLTYwUzlLcEU1OVZvdEpzU1hDSlVpQQ?oc=5,-0.6249,negative
2026-07-02,2026-07-03,CSCO,Cisco Systems Inc Stock (CSCO) Moved Down by 3.72% on Jul 2: Facts Behind the Movement - TradingKey,TradingKey,https://news.google.com/rss/articles/CBMiiwFBVV95cUxNWTk4bUhYN3g3Ykdxa3hSRFRfLUJaUzJOYTBBQ2VDZ0V4SnJGeHV3Z1NJalYwWEpFcGxsc1ZJTEp2QV9lR0J5aDJyLVZmS0lEZWRoNUo2ZjNLM0JBOGluOUVqczVKYjlEQ3RIelpoazRhOGN3T0F2ZU80b1ZZTUJSYWYxVmhhOTltRU9N?oc=5,0.0,neutral
2026-07-02,2026-07-03,CSCO,Cisco Stock Gains 69% Over the Past Year: Can It Still Bring More Upside in 2026? - TIKR.com,TIKR.com,https://news.google.com/rss/articles/CBMipwFBVV95cUxNT3IzMXplcmJ1a1NoZlVzTUR1YXVRTHJSWUVfYU9LbFV4UmUweGxIdGZzb29nY2N4Z0Fnb1BpZEdsSVRQWWhuTGN6eHdac25OT0xUVTkzWERFSlU3ckFWbXhlcklUZ0x1MXliQUhyaWtRSUI1QXYyTGstVm1zcWlEeXpXRWExMi0ydXdhNVpYd0s3WGFBVmZ3Uzg5ZzRXY0tBNUZaSmVoMA?oc=5,0.34,positive
2026-07-02,2026-07-03,CSCO,Cisco’s Forecast Beats the Bearish Retail Crowd. Here’s the Target - 24/7 Wall St.,24/7 Wall St.,https://news.google.com/rss/articles/CBMiqwFBVV95cUxNLTh3aWpuM0dfSzFVWGpWQzNCRmdReUk0TC1ZNGRzMk5xNElKeU9LbWVMWV9IZHRQcjJvS2w3bHhJLU1yQzY1YmtPdzRCZFRmSGlhc2pkRVMxaHh6cjZmRkZZUkphdTBTcnZ1dnpJVW96SWdsdkJ4MzQ3cnotQUVsWHB6VmlrdjRVX1VWOV9vZnAybFZ4eU5wbXpYQjRrU1BJeUJWOURmclc0bDg?oc=5,0.0,neutral
2026-07-02,2026-07-03,CSCO,A Look at Cisco Systems Inc (CSCO) After 3.7% Decline -- GF Value $68.42 vs Price $112.69 - GuruFocus,GuruFocus,https://news.google.com/rss/articles/CBMiuAFBVV95cUxNR0dnZEZpSE5yZndENHFRV013M0JleTJzQUpRMXpQS2dUWVVUT2JaNm83c3pFT0Flb3o5NllOWE1hR0kyLXNLbnJWQWFray1lTnlTWU11RVhSTzB5VFJ6SE9sdmlGTW5zU3V6VkhBOUp6QXNqLU9jWTFZbHJaSmI3TmVMVHNhZlo5eEJTWHRBX3Fwd29XRVQzU0ZjbU5Gekx0SkQ0OGM1ZGRNLUxheVJ1YnhEaF9XcEVL?oc=5,0.34,positive
2026-07-02,2026-07-03,CSCO,Cisco Systems (CSCO) Stock Moves -3.69%: What You Should Know - Yahoo Finance,Yahoo Finance,https://news.google.com/rss/articles/CBMimwFBVV95cUxNLTZUNFZ2dDlXNHRUdjhMZGtQbTNrR2QwTXVYZG9ka1prTkctNkdjTFYwSy1qc1Y5dkdfV3hOUlZFdkc3eFJtSVE1U3JUNzl4UEM4Y3pMTjNBTm5DN1Zxa0NvM2ZHU0ZLNktSMDJaeXZJNHg0aUFFZFpCSHZqb0xkaHlPMjhEa1JsaEtLWDVNcEFZWWFwdEFPRERmSQ?oc=5,0.0,neutral
2026-07-02,2026-07-13,CSCO,Cisco (CSCO) Stock Looks Stretched On Cash Flow Yet Reasonable On Earnings - Yahoo Finance,Yahoo Finance,https://news.google.com/rss/articles/CBMingFBVV95cUxNam5XUWg1WFFsS1ZXWC1TOEVnaTNCTjJfTHdqLXNfWHZxdTJlRUZSLUNjSWpZUXlQOG43ekdkUGJveXhpblp3YWpSR0s3NlFFOWtJMVllWFB2NTIxU0ZKSG9WZ0VmNXlKeW85ZXVpRDVzNFpOV0lYMmdEUzlVZUFwNU00dkxxNXU3Z2FVT2xrTU9uQkZIekZWekVtTGliUQ?oc=5,0.0,neutral
2026-07-03,2026-07-03,CSCO,Cisco (CSCO) Stock Looks Stretched On Cash Flow Yet Reasonable On Earnings - Yahoo Finance,Yahoo Finance,https://news.google.com/rss/articles/CBMingFBVV95cUxNam5XUWg1WFFsS1ZXWC1TOEVnaTNCTjJfTHdqLXNfWHZxdTJlRUZSLUNjSWpZUXlQOG43ekdkUGJveXhpblp3YWpSR0s3NlFFOWtJMVllWFB2NTIxU0ZKSG9WZ0VmNXlKeW85ZXVpRDVzNFpOV0lYMmdEUzlVZUFwNU00dkxxNXU3Z2FVT2xrTU9uQkZIekZWekVtTGliUQ?oc=5,0.0,neutral
2026-07-03,2026-07-03,CSCO,Cisco Stock Is Soaring On A Massive AI Bet - Trefis,Trefis,https://news.google.com/rss/articles/CBMipgFBVV95cUxNREhKS1ZUSElidEVzQXRGYXAwVlFUbGp1MTVGcjNoNWZRNUxxM0tVNHhwV191ZkhIZmc5NEp3LXI0TG5OZmlLdFFfRnpWWGJsbk9najVKOHdNOFo5c1Z2b0VtcEd1SkpnQmdJbTdaODM1MjRIYW5GejZUS1gtU1pxV1lpU1pZZm5USlJ1Qm5uRThyZnM2czRGSU1lcUdRWXNtN2JsMXVB?oc=5,0.0,neutral
2026-07-03,2026-07-06,CSCO,Are Computer and Technology Stocks Lagging Cisco Systems (CSCO) This Year? - Yahoo Finance,Yahoo Finance,https://news.google.com/rss/articles/CBMiqAFBVV95cUxNenpqUXJycUw1WkVVNFBCR1dLOVRxSnhSNFNXdnRmT3VKOXFKeDFydzVXTElWdEpEYVl4UzVjZF9qaEsxUVZuclROV09SWkRlaHJ4dFZkNzdWXzN2RjBYb3gzZ2ZvODBubWlZNFdIa1VuVk9UU1VXaDR3Q1J5MVVOcEVtOGQ1SVdTLWh1LXdKa2NQaFlTZzg5cEhTVlhzR1VlbHQ2M3NZdjY?oc=5,-0.2732,negative
2026-07-03,2026-07-06,CSCO,Cisco Is Up 46% and Oracle Is Down 25% in 2026. The Better Dividend Buy Might Surprise You. - Yahoo Finance,Yahoo Finance,https://news.google.com/rss/articles/CBMikgFBVV95cUxNZXRIWnIzMWJNQ3BGMEdmNGJPUUxXVG9KWjhLWnNqZjRCOUoycnhZY1FpQmpBTF9kQkdULV83R3lHbmlKMlVLR3Z6UC1KbnZ4VU9PZC1NOHJ2WElvV2ttNzJ4YVd3SGNyS1RmZWhyako0aVlTZ0pYeUdoS0x6Njdtd25hYXV4OEtneURlSEpGZktXUQ?oc=5,0.6124,positive
2026-07-05,2026-07-06,CSCO,Cisco Stock And Other Blue Chips For Investors Escaping Tech Concentration - simplywall.st,simplywall.st,https://news.google.com/rss/articles/CBMi3wFBVV95cUxOTUxob1BpTFVVNlhMSXd1dlJNR25zX1hObGtqQW5BRUN5LXd3aDZCYWNUOUdNSUduMjg3WnkxdjBsVXIycG1vT3lBVW1xQkhTVGZpRGEyalVzdExSdzJEQ0ptdkJjWWRTQloyMG5leGs5SHhSZWJKLUVub3R3ajdnQ3dGZU5qdXhHSG5LYkZXTGh4NjRzenNPalRkcld2S2JTWG1xLVRPY3FtREdrb01Fb083VHRyTk5pa0lBZmpBN2JvUG10VWtjZFp6dFJjMk9YWFdoQzh0aDZESWgzZFpv0gHkAUFVX3lxTE1xZG9lelBQOXRjX3lzNVJkOW9ENnBQTGEzekxGU29XVjViUGhKUVJhNkV1WGZKWTZxNDhRS2hEa1VLcmN2OUN6Y3I4QkhGVkdNbUdpeVZ0bW5RRVdOMVB4ZWpOV2FHYWgyWFd4MlZTY1lqTDY3Ul9RcjVOU1IxektzSUlBSWRLVmh0VW5lSEVHdmJoVkZSUHhMaFJOMXNPSEZVNTZNemNTOWdNLVE3cktGV0R2RThBSVhGOTNHeHJLR2p5b1d4ZGtCQ3FDSjVYMWR2Q3FVUHc1X2JQa1ZrTW1ScFZyUA?oc=5,0.0516,positive
2026-07-05,2026-07-06,CSCO,This Analyst Sees A 22% Upside In CSCO Stock Ahead Of Earnings - Stocktwits,Stocktwits,https://news.google.com/rss/articles/CBMiwwFBVV95cUxOOFpaRnduUHBMQnNadnRZaV9XNjlFMU1HczVKWmtsQ2Y2RXU3R3NLVzRjdUF3MlZDemZNWlJEWnhsNUNJTE1nOHdSZnFia192aHpPeTF2RTFYd2xaSmY1dUN5UkZwVjgtY2NVRUh0RlJQa0RLU0UtbkhZUjI1eWdPdmZVQm5tM2lETWhrWmh6Z1NoUzJSUF9kLXJEcGluVHpTZVR2ZGE5TXlvdDVocDE1dE1fMjZ4cWtFMXU2ZThaZG1tOTQ?oc=5,0.0,neutral
2026-07-06,2026-07-06,CSCO,"CSCO Stock Soars To Record Highs Amid Expectation Beating Guidance, Job Cut Announcement - Stocktwits",Stocktwits,https://news.google.com/rss/articles/CBMi5gFBVV95cUxPWlNnbGJZelplM0x6OFVHTmVwUUtVVGUwMUtSRjNnanhaZ1JhaHk2N3FwbnYyYzhuWVJmdlRlQl9zdDFybGxFU3Z6LTc5UFRXcmZ5YWtyT2VxdGJxOGFaekZHQ1pnbDR0ZEFxcDNHaG5aX3RvczhoOThkWTUtUDNNTnNMMUNmMHFLdGNYbk9EUnQweGV5WU9aWjNaRTlPVVUxc0paaWJQQTNqWEROZGI5aUVVLVlBRzZfUWJoZzZtdXp6Y0N4NGZfdTRJcG1FaVhGLTYwUzlLcEU1OVZvdEpzU1hDSlVpQQ?oc=5,-0.6249,negative
2026-07-06,2026-07-07,CSCO,Can Cisco's AI Networking Momentum Lift CSCO Stock Higher? - Yahoo Finance,Yahoo Finance,https://news.google.com/rss/articles/CBMinwFBVV95cUxQeWs2R09XWGtnRGt6RWxaZ1lKTmZMWFVKTXhkWkt5NkpGLUdtcDlTQ0tIaVNKYnN6MGJKdXAxT1dBTWkzM21pbnNDdnJyM1RNZUQyLTd5b010b3FHTzNMdm5zbFE4S3pUQkdMdzhpbkotRVBvOHk4bkhycDRueWpLT3VYM1BtekNwMGxVSGlqLXVoaHBndk9Qd1h1UWJBTkE?oc=5,0.0,neutral
2026-07-06,2026-07-07,CSCO,The Wide-Open Possibilities The Options Market Sees In Cisco Stock - Trefis,Trefis,https://news.google.com/rss/articles/CBMixgFBVV95cUxNbDBNVURBbG1YeXFnQzZFZUwxRlpxZFFodG9hR1YtYmdyMWMwNWJIbmJ2TDhDekM1MUVQVGs5LVdxRmd1eXB3SGVaYVhVZlU0Sko0NEN4dWVXXzV2VHJqcGhnWXpZTFJTbTVmWFRab0k2SDZwMUZkVkJ6UEczM1FaWV81MzJWVGdBc21QTDNfSDUxZEVGaUJlUldJUm9FT2R6ZENGamVYM3pJM2UxQ1otdEpiaVN4SklqT1pEUFdKRjlMMm1SMGc?oc=5,0.0,neutral
2026-07-06,2026-07-09,CSCO,"The Zacks Analyst Blog Highlights Cisco Systems, Johnson Controls and Cenovus Energy - Yahoo Finance",Yahoo Finance,https://news.google.com/rss/articles/CBMiogFBVV95cUxQYUVtdXVnODZNTHZrN2hMeUtFeVd3UTNZNGhjMERPeUJBWEJ6cVRkS19icFZpQURvNXZWNnAtbXFVX1J6M21zUHo4Tk5DcVQwVW4wSHBkQW0zWWF6T0ZhVE9JX254MGxZTGV4WGQ0enNPNHNwc0JrMG1lckxGSlVhend6OWQtSlBkdVozZ0Q1Vk5WV281eVRhbzZVTmU4RW1GUkE?oc=5,0.2732,positive
2026-07-07,2026-07-07,CSCO,"Cisco (CSCO) Stock Surges 46% in 2026: AI Infrastructure Growth, Earnings, and Outlook - TradingKey",TradingKey,https://news.google.com/rss/articles/CBMiygFBVV95cUxNWnM5R1NnZVJ3ZTBTeVRKZ0xKZTBQdkh3dUxJR0lsUlRPT2doV0tjVDJhQmdkeGVtZk1mcXd6NnZaM0dSNVh2OFVfOUxJSHZtRVRSNnRkMDVfai1pNXVHbnptUHpkc2tBLWk4NzdiN0EycFZ0YXlZc0tFLW84bFFDYTBkT3Zjb2FQWXpfUm4tWnFCS3pEMUEyY0dZS2YwZ0dMMXVQaXNuUWFJZEZVSzZGOEM4Z0VKdHZwZXpGcHY4T1ZycTVNRTdOMEJ3?oc=5,0.3818,positive
2026-07-07,2026-07-07,CSCO,Flex Climbs 130% in 6 Months: Is the Stock Still Worth Buying? - Zacks Investment Research,Zacks Investment Research,https://news.google.com/rss/articles/CBMiogFBVV95cUxNR2o5bGk2V0hjNXllUVdxT3pXVDNOUEdKTFUyeHRlQnpBal9oRDV6R1RyOUxOeHdxOFAtbGxfMnd0WVBuUVlRWGVfdFZZZGNrb0ZjNEplbEMxNkdCV1BWX2swZUFlNF82clZCQkFMbHhuQ0RBN0tvcEZWTElPeXg1ZjNyU3dIcko1ZGwxTXNidmhfaERDajRvMXllMUQ0SVpDblE?oc=5,0.2263,positive
2026-07-07,2026-07-09,CSCO,"Cisco Systems, Inc. (CSCO) is Attracting Investor Attention: Here is What You Should Know - Yahoo Finance",Yahoo Finance,https://news.google.com/rss/articles/CBMinwFBVV95cUxOSldxbFNvVEFvRzF5Wlg1SDQ4bndQM0w0SWg4UUVtd29wdW1CV1JHZzV6d1p1bVJhcm9qRzB4T1l3TGFJTkNvOWlUcmh6SktnMVV4eDdBbDJDZDRLVWE3YlVKUTZBMWpUa1VQQk5FTVFRWFlDVFM0ZWtadjR2bjZwUGFkaGNSdU9iZXN6ZEpGc0k1dDBUQ0FaUk9OcmhwMW8?oc=5,0.4767,positive
2026-07-07,2026-07-09,CSCO,"Cisco Systems (CSCO) Raised Guidance, Is The Stock Fully Valued? - Yahoo Finance",Yahoo Finance,https://news.google.com/rss/articles/CBMioAFBVV95cUxOOV9VSlYwR2w3Qjh0RGxGNWMxNmR1ZC1JZkJHWE53R1BYRWMwMWppaTJwVXhtUzZrOXFMMmpFcHoydXVvMlFuWWFtZEVpUFR2cmtSQ25rZHEtRmwybFIzaHh6UUZVM21GOUhVMTlqSzQ0WGtBU3RWSVlOeTlrNEc4VS13a0VFM3RNRlJSenZNOE9vTFN3bTRkNVlTdzlqYndm?oc=5,0.4927,positive
2026-07-07,2026-07-09,CSCO,This Analyst Sees A 22% Upside In CSCO Stock Ahead Of Earnings - Stocktwits,Stocktwits,https://news.google.com/rss/articles/CBMiwwFBVV95cUxOOFpaRnduUHBMQnNadnRZaV9XNjlFMU1HczVKWmtsQ2Y2RXU3R3NLVzRjdUF3MlZDemZNWlJEWnhsNUNJTE1nOHdSZnFia192aHpPeTF2RTFYd2xaSmY1dUN5UkZwVjgtY2NVRUh0RlJQa0RLU0UtbkhZUjI1eWdPdmZVQm5tM2lETWhrWmh6Z1NoUzJSUF9kLXJEcGluVHpTZVR2ZGE5TXlvdDVocDE1dE1fMjZ4cWtFMXU2ZThaZG1tOTQ?oc=5,0.0,neutral
2026-07-08,2026-07-08,CSCO,Should Cisco’s Expanded Rafay Partnership and AI Focus Require Action From Cisco Systems (CSCO) Investors? - simplywall.st,simplywall.st,https://news.google.com/rss/articles/CBMixwFBVV95cUxOTkVuWVREcWt4STBMb19pWm5HV1labmt5ZndwQUlHU3F1VkZIbTltU1JqQUxoVFFROXppVWk1NjBCZEpmNXp2Z3ZoLXJidjQ4cFhQUUU2aUw5VE9YRV90T1o0WHEzcmN6eXpWVzF2eFBNQUFTTDNGS3dXX0hibTU1dkhjaHBUV3JlUnZVdjMwTFBIT2tLTTU1Z1ZiQ0h5ZUZZQkc4RVppZTMzRE4xVUxFclZGYzBtTUtqRl9hM0prMGgxdFVYcGNj0gHMAUFVX3lxTE5wcGxDbGhoY0pmdzl4djlUZlhvZDhYZGotMEdlSndQWlJUbEpFZVhEUlJJUFlxMHpzb2ZLNVI4b0FVckpYOGtOV3EwM3dkcmNkRkJuaGRKcllqcXdzWmtEQ3o2SGxwLUxUTzJJdDU3UG01R0JDRTF0MzBiTmlHVGJjYzRoV0o4bEYxSW9mSkdfV0p4ZGpmN0RPMC1oV1hLNDNvdlVYT2R5OVZfRzRUc1VrOGVfYXo1WVFZYzNPd0FMYVZwR2FSZXhpRDA5dA?oc=5,0.0,neutral
2026-07-08,2026-07-09,CSCO,Why the Market Dipped But Cisco Systems (CSCO) Gained Today - Yahoo Finance Singapore,Yahoo Finance Singapore,https://news.google.com/rss/articles/CBMihwFBVV95cUxOMnVmUl9pZE5DeXMzUUxHYmtVUDlKdmtzNTJXeThjazFlZjhCWVp5RXVabDBOdWVSYVBmbHlNRVlLOEplQTVDU0dFM0N4a3YzeWIyQnY3SmhMQWtnb29UZFV2Mzh3LUVWUWJtX09wQjZJYU1kdXkxMjhhc2pTX3VWRDh1VHFfNms?oc=5,0.5267,positive
2026-07-09,2026-07-13,CSCO,Cisco Systems Inc (CSCO) Stock Up 3.9% but GF Value Says Overval - GuruFocus,GuruFocus,https://news.google.com/rss/articles/CBMi3gJBVV95cUxNLTVERmdyRGNlQzZxZmM3S01Vb1RnbjJqZEh1emt1MkQ5aS1xbDFyM1BQOVhUTXc5djc3QUFYdnZBOWU1UUJMdDN4Yk8tVWxhRngxUUxqUnVnT3hBdGZtbDFSdUxnR0NrNW4tZDYyYm9fZ0xrNjZibU9WYTdQTEt4eWRVOVZmZF9oNkdmcWVVcXhyb2JDUHl4U05nU2paNlpjWnp2UEJzREJhNU1aakdsUVdZelN6OHZ0UkJ4NmJ4RG5tUGlacHJEV2dQNVZDbEZWZGxtU0Rmc1ZfQUxFWU1qU0pCRkJHVU9UV1VBN3Q2Y2EtMFk1R2N4MFBVbHphQ0ZIOThTM25nSkpGU3lXdmdUVWdwU2VNc0tmNEoySmFBTTgwMHBNZGRscmcyQ0xmRmhSZGJsanBGd09aUXlfbnZCcWFzd2ZVUElFRjVDOC1qLTItVnFFZk5pdXN0UXZHZw?oc=5,0.4767,positive
2026-07-10,2026-07-13,CSCO,"Cisco, IBD Stock Of The Day, Went From Slow-Growth Tech Icon To AI Infrastructure Leader - Investor's Business Daily",Investor's Business Daily,https://news.google.com/rss/articles/CBMiuAFBVV95cUxQNFBycEg2RkJtZERfWVFPenpMV2ZsVDVGbzNScENzZi1GV2hNaVB5RUJyWUhPeE00OWYtcWtpUWtQWGR3N05wTWFYTUdjLWg5aHo0WXo0Uy1YUElrQ0o2UFIyMXROMU81R0RJTVBrcFdMdlpvQmtkRno1REo0RWtENEx6TkJiUDkyTFVTTDRnVkYxd2FfZFpRWjJHd3NxdXZsODhmS3F5S04tREttaHA3VndWTE5zREdO?oc=5,0.0,neutral
2026-07-10,2026-07-13,CSCO,"CSCO Stock Soars To Record Highs Amid Expectation Beating Guidance, Job Cut Announcement - Stocktwits",Stocktwits,https://news.google.com/rss/articles/CBMi5gFBVV95cUxPWlNnbGJZelplM0x6OFVHTmVwUUtVVGUwMUtSRjNnanhaZ1JhaHk2N3FwbnYyYzhuWVJmdlRlQl9zdDFybGxFU3Z6LTc5UFRXcmZ5YWtyT2VxdGJxOGFaekZHQ1pnbDR0ZEFxcDNHaG5aX3RvczhoOThkWTUtUDNNTnNMMUNmMHFLdGNYbk9EUnQweGV5WU9aWjNaRTlPVVUxc0paaWJQQTNqWEROZGI5aUVVLVlBRzZfUWJoZzZtdXp6Y0N4NGZfdTRJcG1FaVhGLTYwUzlLcEU1OVZvdEpzU1hDSlVpQQ?oc=5,-0.6249,negative
2026-07-10,2026-07-13,CSCO,Cisco (CSCO) Stock Forum and Discussion - Moomoo,Moomoo,https://news.google.com/rss/articles/CBMiugJBVV95cUxNZEpBUkVtMmZSV3o0S3NEUFNOZW1rM0tDQnZLUDFVNGl0a1FSZXk5V3BLR3BuQTlmUTRVUTNHQ1pkMmhMa2tOSks2YVFEdTZ4V3k1eGhzMDBVaXJ5eHk4bGdXVnczOFBUYmxpRnNHRVVObWpuOGNJcU1yaTRqYkM2TmdzOG9LQWRLdHhfUmdfVDl0c3pMTjBJMFNWLTE0VTVTak1fVDdlSFZEOW9iNkRSSERIT2drQUx2NjdVS045WjYwSXV0MDRwU3lIV1JfX2h3cWRTSTdDQjN3Ti03RW5MS2ZwaWsyajdtdDlHTVJYTFFCamczTWNoMG9wMTNiTTVCek1aa3V0Z3FpU2hyeEstZURGb25KbzBRUFVEQ0poVnFQelZWcG5QS0hvdFJmNUlsWUJ0Mm1DYU5EUQ?oc=5,0.0,neutral
2026-07-10,2026-07-13,CSCO,Why Is Boise Cascade (BCC) Stock Soaring Today - Yahoo Finance,Yahoo Finance,https://news.google.com/rss/articles/CBMilwFBVV95cUxQSUdWbzluQXI1ZDkwTXFybnc3QzZydTJtQkRHUHFQU3VpNDl6SkEycTNlQWpRNF84TW56cGg3emhobllnVWRqeWd1MzlnbUg1RXpMdnhfdGlXbW9pdEZVOUZZdFI2eEd5bjVoajNQTE84RWlRMlJsTVd6MGQzN2VmajNTTVAtTFlibk1CUHAxSGFCWXlJYnBN?oc=5,0.0,neutral
2026-07-12,2026-07-13,CSCO,This Analyst Sees A 22% Upside In CSCO Stock Ahead Of Earnings - Stocktwits,Stocktwits,https://news.google.com/rss/articles/CBMiwwFBVV95cUxOOFpaRnduUHBMQnNadnRZaV9XNjlFMU1HczVKWmtsQ2Y2RXU3R3NLVzRjdUF3MlZDemZNWlJEWnhsNUNJTE1nOHdSZnFia192aHpPeTF2RTFYd2xaSmY1dUN5UkZwVjgtY2NVRUh0RlJQa0RLU0UtbkhZUjI1eWdPdmZVQm5tM2lETWhrWmh6Z1NoUzJSUF9kLXJEcGluVHpTZVR2ZGE5TXlvdDVocDE1dE1fMjZ4cWtFMXU2ZThaZG1tOTQ?oc=5,0.0,neutral
2026-07-12,2026-07-13,CSCO,"NBIS, CSCO, SLS Stocks Hit 52-Week Highs Today: What's Behind The Surge? - Stocktwits",Stocktwits,https://news.google.com/rss/articles/CBMizgFBVV95cUxOZjVyc3E5dmVpck1wbGwxOUMzV0VmLWtmZTFONk43Ti1EWVRTSHU4UUwzM092eldyaGx6VUFtd3V6QUNUTnlMdm1Mdm1rQmJ6N0JuVXluUG9iWXBnN1VUeVNoZHdKSU52REdoWDcwSVI1ak5RQzdHdXA3NDNLbzAxUTNTVUMxcDlmcEZ5ZGhPTGZwVDRhQ1N0Vi1kREUwNWJpZ0tuMXB3d0ZsRXRVVFRCcllPcUdxWFYzUXZJSlRUaTdFSXBsaTFmY2xWaHlBUQ?oc=5,0.0,neutral
2026-07-12,2026-07-13,CSCO,"Cisco (CSCO) Analyst Ratings, Stock Forecast and Price Target - Moomoo",Moomoo,https://news.google.com/rss/articles/CBMirwJBVV95cUxONWJuZ2NNYlQyTkp6LW56YmVNaDJXMUtVd3ZzT0pIUW0xWGhnclJocGpQekJXb01nRVNMTWF2MHRXUzhobG9nYzlrLXA1ODctN0ZQZ0FGNExNdXFvSmJTOUJHM3FwRzN2OTdJNkVxQ1FYMXdFcTA0MmEtMG9GQi1LRG5ic29rRlo3WFVXcTREaTZSNkRrZDJ4SkFnWVAzcWR5cVpWX0xza3Q0NmdYazFNYmI1QVFZc3N4cWwwWngzWVhSYXJVOWJydVMtT2V5ZE5WZ0lHcVFObHBpTDBhVThkT3NTMUFwSXZ2QXVDLXgwWTNRMXZjb2txcVdBRjhyQXlDZU4zdnZWMHQxOHpWVmdtcnJrN1hkdEdmcTJKczRNWHdwdFo2YUJVWE5mLTZSQ2s?oc=5,0.0,neutral
2026-07-13,2026-07-13,CSCO,Cisco Systems (CSCO) Leans On Its Defensive AI Story As Valuation Looks Full - simplywall.st,simplywall.st,https://news.google.com/rss/articles/CBMixwFBVV95cUxQcXF3bGJrZXBsYTZiS1Vsa3k3d0h0M3gxUURraVNaZ2dZbmNvaEg0cC1jVFNvblNCZWdUMk1URXJlaVF5Undlc0Iwb09pWExROXVVWWJJbVAxa0xQTGZhcUZoUDgwUmNOY2pBUmxWaloxaWJPeWZmUXhaWm9hc0t2UUVjYXZlemZsVWEtNFhMZUVOZjF3VFRfOGQ4dWZ4Y2g1eXM4WGNBTWI2MGwxYTVjYk9MZUhlaFdLNm5hSHRMekttYk0tRW1Z0gHMAUFVX3lxTFBnVC1ZOUJYbUFzRFBKYjVnZDFUbUdHMjZQSkNOc19fdkM0R240OE9LVzdNTDlXR0s5U3RvQVhtbDlfelhOMU5UTy1nbUlqWmUzTTN0ZVp3TkU4cVVEejhmZDdILUJnNS1nc0ZVd2VlSjJ3bk1OalBoSDRYSnlVRVFOaVRvU0NETVVXMjhiV2JMYkJxNnhORDU4ZU8ya0dOYXAtV2JQbVU0bVoxcE5ZWk1MOHdfOHBjNUFQSU5hbUh5SVIzVzJHQXhEZUVRbA?oc=5,0.0258,neutral
2026-07-13,2026-07-13,CSCO,CSCO 260710 118.00C (CSCO260710C118000) Stock Options Chain | Quotes & News - Moomoo,Moomoo,https://news.google.com/rss/articles/CBMikgNBVV95cUxPVTlCbnRmMDhqamVMRk1kVFBPNmxZNmU3cDJFLVVQV1QzQnp5b2lncVcyZ2xMV0JwTlRycVMtVWVJNm5ZcHlLTmFJanRYdlo3Mk9iclZ5bHNnbDdIbTBBMHVJbW4zMzNKV253NkdJNmZ4NExuX2JsU0wxYjJMcnRCOFlKV3RLUWNtMW1KMUtWMUtvMEk2cXhWN0YwaW1XR1dKcl9hNTlFQUZULTBiZE0wemE2UUhZTHdIRHhpR0JCRXNZakphcTl4dHBiT0E5YjVYbUdXY0htQ1A3dHMyVURCajUwSlBvTW9NbFotbnI5dG9DNU9nZGJLQVB5TFB4WWhqRC0zWTdoU0JWWjhBaFdVVExsNG43VDZMVlNCN2lkVDV2YkVQcDVfc1hpOXpBTWNxaDIwS0VFanFhOTllS1Y2SXA1OHVwQkpDRXJQVzFRYjdpSVMxeWVnOGtfYlNsVHoxanJYWHZkSzFXX1ZLZGxmOHlGdElTUjB5YlJyR2FXcnpWaVkzODZjRW1aYmhQa0hqdkE?oc=5,0.0,neutral
2026-07-13,2026-07-13,CSCO,Bull of the Day: Cisco Systems (CSCO) - Zacks Investment Research,Zacks Investment Research,https://news.google.com/rss/articles/CBMigAFBVV95cUxQWU9rczJEMzNZbDVWdXgzYUx5OVlkc2hzc21SdDZGbUFJcFA4eXQxcnRpME5xRm5EbUlLM0JsWlJRLXVMeFByaHF5MFVoN2h3djFTa01EeVZDTnlMb3RXU2RRbUdsNUJZQ21pQ1N3QkNtWC10bE4xSS1jNHBwWjJFQg?oc=5,0.0,neutral
2026-07-13,2026-07-13,CSCO,"Zacks Market Edge Highlights: Ford Motor, Wayfair and Cisco - TradingView",TradingView,https://news.google.com/rss/articles/CBMiswFBVV95cUxQRlZaczlyTl9ueDNIS3JCRkcwb1dVOVhaYzRCdTVSSGhiYmNNUlBubHE0c1otODVTLVBMRWpKdEU2WTNGZV9td0xFVV9lcklxWWNKRWtqcXBDNzVDNEVvUURVa3I3b3hEaEJOb0p2akRyNXdSVWJaT1o5bDNxQWdWVzhzT094TnFjSVdFZzFuM0d6Y0tCTWI4R3ZMRmh0VW9VX055TUdIYk9kYXpaSzZMenA3Yw?oc=5,0.0,neutral
2026-07-13,2026-07-13,CSCO,Cisco and Planet Fitness have been highlighted as Zacks Bull and Bear of the Day - TradingView,TradingView,https://news.google.com/rss/articles/CBMi0gFBVV95cUxOZmJ4WmxBNTN5bElqMlowUU8tR0l2dGFOWDYwS0psczBZSUdsT1U1UGptMU53VkZhZW9IYlJiNnhVdFE5aE9vZUVHTHZLZEdjUjMxYmFXQWUwN0c4ODB5VkhNc2ZCcHI2ZW5LcTBnemZEc3BnNE1mUklfUjdYTzk4UkU2UDBySEZpdUw4VkZGNmFMZHNwS2Nmdnh0V0ZFMFZDVkhQcXI0eTBFU3JnQ0JfM0hkSVhUV1pzUGhaS3Vlaml1UlpweWxJcXl0NDRnUGI4OVE?oc=5,0.2732,positive
